sciName,id,phylosort,mainCommonName,subfamily,tribe,genus,subgenus,specificEpithet,authoritySpeciesAuthor,authoritySpeciesYear,authorityParentheses,originalNameCombination,countryDistribution,continentDistribution,biogeographicRealm,iucnStatus,extinct
Exilisciurus_concinnus,1001555,21,Philippine Pygmy Squirrel,Nannosciurinae,Exilisciurini,Exilisciurus,NA,concinnus,O. Thomas,1888,1,Sciurus concinnus,Philippines,Asia,Indomalaya,LC,0
Exilisciurus_exilis,1001556,21,Least Pygmy Squirrel,Nannosciurinae,Exilisciurini,Exilisciurus,NA,exilis,S. Müller,1838,1,Sciurus exilis,Brunei|Indonesia|Malaysia,Asia,Indomalaya,DD,0
Exilisciurus_whiteheadi,1001557,21,Tufted Pygmy Squirrel,Nannosciurinae,Exilisciurini,Exilisciurus,NA,whiteheadi,O. Thomas,1887,1,Sciurus Whiteheadi,Brunei|Indonesia|Malaysia,Asia,Indomalaya,LC,0
Funambulus_layardi,1001600,21,Layard's Palm Squirrel,Nannosciurinae,Funambulini,Funambulus,NA,layardi,E. Blyth,1849,1,Sciurus Layardi,Sri Lanka,Asia,Indomalaya,VU,0
Funambulus_obscurus,1001601,21,Dusky Striped Squirrel,Nannosciurinae,Funambulini,Funambulus,NA,obscurus,von Pelzeln & F. F. Kohl,1886,1,Sciurus palmarum var. obscura,Sri Lanka,Asia,Indomalaya,VU,0
Funambulus_palmarum,1001602,21,Indian Palm Squirrel,Nannosciurinae,Funambulini,Funambulus,NA,palmarum,Linnaeus,1766,1,Sciurus palmarum,India|Sri Lanka,Asia,Indomalaya,LC,0
Funambulus_pennantii,1001603,21,Northern Palm Squirrel,Nannosciurinae,Funambulini,Funambulus,NA,pennantii,Wroughton,1905,0,Funambulus pennantii,Bangladesh|India|Iran|Nepal|Pakistan,Asia,Indomalaya|Palearctic,LC,0
Funambulus_sublineatus,1001604,21,Pygmy Striped Squirrel,Nannosciurinae,Funambulini,Funambulus,NA,sublineatus,G. R. Waterhouse,1838,1,Sciurus sublineatus,India,Asia,Indomalaya,VU,0
Funambulus_tristriatus,1001605,21,Jungle Palm Squirrel,Nannosciurinae,Funambulini,Funambulus,NA,tristriatus,G. R. Waterhouse,1837,1,Sciurus tristriatus,India,Asia,Indomalaya,LC,0
Hyosciurus_heinrichi,1001559,21,Montane Long-nosed Squirrel,Nannosciurinae,Nannosciurini,Hyosciurus,NA,heinrichi,Archbold & Tate,1935,0,Hyosciurus heinrichi,Indonesia,Asia,Australasia,LC,0
Hyosciurus_ileile,1001560,21,Lowland Long-nosed Squirrel,Nannosciurinae,Nannosciurini,Hyosciurus,NA,ileile,Tate & Archbold,1936,0,Hyosciurus heinrichi ileile,Indonesia,Asia,Australasia,LC,0
Prosciurillus_abstrusus,1001567,21,Secretive Dwarf Squirrel,Nannosciurinae,Nannosciurini,Prosciurillus,NA,abstrusus,J. C. Moore,1958,0,Prosciurillus abstrusus,Indonesia,Asia,Australasia,NT,0
Prosciurillus_alstoni,1001568,21,Alston's Squirrel,Nannosciurinae,Nannosciurini,Prosciurillus,NA,alstoni,J. Anderson,1879,1,Sciurus alstoni,Indonesia,Asia,Australasia,NT,0
Prosciurillus_leucomus,1001569,21,Whitish Dwarf Squirrel,Nannosciurinae,Nannosciurini,Prosciurillus,NA,leucomus,S. Müller & Schlegel in Temminck,1844,1,Sciurus leucomus,Indonesia,Asia,Australasia,LC,0
Prosciurillus_murinus,1001570,21,Celebes Dwarf Squirrel,Nannosciurinae,Nannosciurini,Prosciurillus,NA,murinus,S. Müller & Schlegel in Temminck,1844,1,Sciurus murinus,Indonesia,Asia,Australasia,LC,0
Prosciurillus_rosenbergii,1001571,21,Sangihe Squirrel,Nannosciurinae,Nannosciurini,Prosciurillus,NA,rosenbergii,Jentink,1879,1,Sciurus Rosenbergii,Indonesia,Asia,Australasia,EN,0
Prosciurillus_topapuensis,1001572,21,Mount Topapu Squirrel,Nannosciurinae,Nannosciurini,Prosciurillus,NA,topapuensis,Roux,1910,1,Sciurus topapuensis,Indonesia,Asia,Australasia,NT,0
Prosciurillus_weberi,1001573,21,Weber's Dwarf Squirrel,Nannosciurinae,Nannosciurini,Prosciurillus,NA,weberi,Jentink,1890,1,Sciurus weberi,Indonesia,Asia,Australasia,VU,0
Rubrisciurus_rubriventer,1001575,21,Sulawesi Giant Squirrel,Nannosciurinae,Nannosciurini,Rubrisciurus,NA,rubriventer,S. Müller & Schlegel in Temminck,1844,1,Sciurus rubriventer,Indonesia,Asia,Australasia,LC,0
Callosciurus_adamsi,1001535,21,Ear-spot Squirrel,Nannosciurinae,Nannosciurini,Callosciurus,NA,adamsi,Kloss,1921,1,Sciurus adamsi,Brunei|Indonesia|Malaysia,Asia,Indomalaya,NT,0
Callosciurus_baluensis,1001536,21,Kinabalu Squirrel,Nannosciurinae,Nannosciurini,Callosciurus,NA,baluensis,Bonhote,1901,1,Sciurus baluensis,Indonesia|Malaysia,Asia,Indomalaya,LC,0
Callosciurus_caniceps,1001537,21,Northern Gray-bellied Squirrel,Nannosciurinae,Nannosciurini,Callosciurus,NA,caniceps,J. E. Gray,1842,1,Sciurus caniceps,Malaysia|Myanmar|Thailand|China?|Laos?,Asia,Indomalaya,LC,0
Callosciurus_concolor,1006881,21,Southern Gray-bellied Squirrel,Nannosciurinae,Nannosciurini,Callosciurus,NA,concolor,E. Blyth,1855,1,Sciurus concolor,Malaysia|Thailand,Asia,Indomalaya,NE,0
Callosciurus_erythraeus,1001538,21,Pallas's Squirrel,Nannosciurinae,Nannosciurini,Callosciurus,NA,erythraeus,Pallas,1779,1,Sciurus erythraeus,Bangladesh|Bhutan|Cambodia|China|India|Laos|Malaysia|Myanmar|Taiwan|Thailand|Vietnam,Asia,Indomalaya|Palearctic,LC,0
Callosciurus_finlaysonii,1001539,21,Finlayson's Squirrel,Nannosciurinae,Nannosciurini,Callosciurus,NA,finlaysonii,Horsfield,1824,1,Sciurus finlaysonii,Cambodia|Laos|Myanmar|Thailand|Vietnam,Asia,Indomalaya,LC,0
Callosciurus_honkhoaiensis,1001540,21,Hon Khoai Squirrel,Nannosciurinae,Nannosciurini,Callosciurus,NA,honkhoaiensis,"Nguyen Truong Son, Oshida, Dang Huy Phuong, Bui Tuan Hai, & Motokawa",2018,0,Callosciurus honkhoaiensis,Vietnam,Asia,Indomalaya,CR,0
Callosciurus_inornatus,1001541,21,Inornate Squirrel,Nannosciurinae,Nannosciurini,Callosciurus,NA,inornatus,J. E. Gray,1867,1,Macroxus inornatus,China|Laos|Vietnam,Asia,Indomalaya|Palearctic,LC,0
Callosciurus_melanogaster,1001542,21,Mentawai Squirrel,Nannosciurinae,Nannosciurini,Callosciurus,NA,melanogaster,O. Thomas,1895,1,Sciurus melanogaster,Indonesia,Asia,Indomalaya,VU,0
Callosciurus_nigrovittatus,1001543,21,Black-striped Squirrel,Nannosciurinae,Nannosciurini,Callosciurus,NA,nigrovittatus,Horsfield,1824,1,Sciurus nigrovittatus,Indonesia|Malaysia|Thailand,Asia,Indomalaya,LC,0
Callosciurus_notatus,1001544,21,Plantain Squirrel,Nannosciurinae,Nannosciurini,Callosciurus,NA,notatus,Boddaert,1785,1,Sciurus Notatus,Brunei|Indonesia|Malaysia|Singapore|Thailand,Asia,Indomalaya,LC,0
Callosciurus_orestes,1001545,21,Borneo Black-banded Squirrel,Nannosciurinae,Nannosciurini,Callosciurus,NA,orestes,O. Thomas,1895,1,Sciurus notatus orestes,Indonesia|Malaysia,Asia,Indomalaya,LC,0
Callosciurus_phayrei,1001546,21,Phayre's Squirrel,Nannosciurinae,Nannosciurini,Callosciurus,NA,phayrei,E. Blyth,1855,1,Sciurus Phayrei,China|Myanmar,Asia,Indomalaya|Palearctic,LC,0
Callosciurus_prevostii,1001547,21,Prevost's Squirrel,Nannosciurinae,Nannosciurini,Callosciurus,NA,prevostii,A. G. Desmarest,1822,1,sciurus Prevostii,Brunei|Indonesia|Malaysia|Thailand,Asia,Indomalaya,LC,0
Callosciurus_pygerythrus,1001548,21,Irrawaddy Squirrel,Nannosciurinae,Nannosciurini,Callosciurus,NA,pygerythrus,I. Geoffroy Saint-Hilaire,1831,1,Sciurus pygerythrus,Bangladesh|Bhutan|China|India|Myanmar|Nepal,Asia,Indomalaya|Palearctic,LC,0
Callosciurus_quinquestriatus,1001549,21,Anderson's Squirrel,Nannosciurinae,Nannosciurini,Callosciurus,NA,quinquestriatus,J. Anderson,1871,1,Sciurus quinquestriatus,China|Myanmar,Asia,Indomalaya|Palearctic,LC,0
Dremomys_gularis,1001550,21,Red-throated Squirrel,Nannosciurinae,Nannosciurini,Dremomys,NA,gularis,Osgood,1932,0,Dremomys pyrrhomerus gularis,China|Vietnam,Asia,Indomalaya|Palearctic,DD,0
Dremomys_lokriah,1001551,21,Orange-bellied Himalayan Squirrel,Nannosciurinae,Nannosciurini,Dremomys,NA,lokriah,B. H. Hodgson,1836,1,Sciurus Lokriah,Bangladesh|Bhutan|China|India|Myanmar|Nepal,Asia,Indomalaya|Palearctic,LC,0
Dremomys_ornatus,1006626,21,Chinese Red-cheeked Squirrel,Nannosciurinae,Nannosciurini,Dremomys,NA,ornatus,O. Thomas,1914,0,Dremomys rufigenis ornatus,China|Vietnam|Laos?|Myanmar?,Asia,Indomalaya|Palearctic,NE,0
Dremomys_pernyi,1001552,21,Perny's Long-nosed Squirrel,Nannosciurinae,Nannosciurini,Dremomys,NA,pernyi,A. Milne-Edwards,1867,1,Sciurus Pernyi,China|India|Myanmar|Taiwan|Vietnam,Asia,Indomalaya|Palearctic,LC,0
Dremomys_pyrrhomerus,1001553,21,Red-hipped Squirrel,Nannosciurinae,Nannosciurini,Dremomys,NA,pyrrhomerus,O. Thomas,1895,1,Sciurus pyrrhomerus,China|Vietnam,Asia,Indomalaya|Palearctic,LC,0
Dremomys_rufigenis,1001554,21,Asian Red-cheeked Squirrel,Nannosciurinae,Nannosciurini,Dremomys,NA,rufigenis,Blanford,1878,1,Sciurus rufigenis,China|India|Laos|Malaysia|Myanmar|Thailand|Vietnam,Asia,Indomalaya|Palearctic,LC,0
Glyphotes_simus,1001558,21,Sculptor Squirrel,Nannosciurinae,Nannosciurini,Glyphotes,NA,simus,O. Thomas,1898,0,Glyphotes simus,Malaysia,Asia,Indomalaya,DD,0
Lariscus_hosei,1001561,21,Four-striped Ground Squirrel,Nannosciurinae,Nannosciurini,Lariscus,NA,hosei,O. Thomas,1892,1,Sciurus Hosei,Indonesia|Malaysia,Asia,Indomalaya,LC,0
Lariscus_insignis,1001562,21,Three-striped Ground Squirrel,Nannosciurinae,Nannosciurini,Lariscus,NA,insignis,F. Cuvier in É. Geoffroy Saint-Hilaire & F. Cuvier,1821,1,Insignis,Brunei|Indonesia|Malaysia|Thailand,Asia,Indomalaya,LC,0
Lariscus_niobe,1001563,21,Niobe Ground Squirrel,Nannosciurinae,Nannosciurini,Lariscus,NA,niobe,O. Thomas,1898,1,Funambulus niobe,Indonesia,Asia,Indomalaya,DD,0
Lariscus_obscurus,1001564,21,Mentawai Three-striped Squirrel,Nannosciurinae,Nannosciurini,Lariscus,NA,obscurus,G. S. Miller,1903,1,Funambulus obscurus,Indonesia,Asia,Indomalaya,NT,0
Menetes_berdmorei,1001565,21,Indochinese Ground Squirrel,Nannosciurinae,Nannosciurini,Menetes,NA,berdmorei,E. Blyth,1849,1,Sciurus Berdmorei,Cambodia|China|Laos|Myanmar|Thailand|Vietnam,Asia,Indomalaya|Palearctic,LC,0
Nannosciurus_melanotis,1001566,21,Black-eared Squirrel,Nannosciurinae,Nannosciurini,Nannosciurus,NA,melanotis,S. Müller in Temminck,1840,1,Sciurus melanotis,Brunei|Indonesia|Malaysia,Asia,Indomalaya,LC,0
Rhinosciurus_laticaudatus,1001574,21,Shrew-faced Squirrel,Nannosciurinae,Nannosciurini,Rhinosciurus,NA,laticaudatus,S. Müller in Temminck,1840,1,Sciurus laticaudatus,Brunei|Indonesia|Malaysia|Singapore|Thailand,Asia,Indomalaya,NT,0
Sundasciurus_altitudinis,1001576,21,Sumatran Mountain Squirrel,Nannosciurinae,Nannosciurini,Sundasciurus,NA,altitudinis,H. C. Robinson & Kloss,1916,1,Sciurus tenuis altitudinis,Indonesia,Asia,Indomalaya,NE,0
Sundasciurus_brookei,1001577,21,Brooke's Squirrel,Nannosciurinae,Nannosciurini,Sundasciurus,NA,brookei,O. Thomas,1892,1,Sciurus Brookei,Indonesia|Malaysia,Asia,Indomalaya,LC,0
Sundasciurus_davensis,1001578,21,Davao Squirrel,Nannosciurinae,Nannosciurini,Sundasciurus,NA,davensis,Sanborn,1952,1,Callosciurus davensis,Philippines,Asia,Indomalaya,DD,0
Sundasciurus_everetti,1001579,21,Bornean Mountain Ground Squirrel,Nannosciurinae,Nannosciurini,Sundasciurus,NA,everetti,O. Thomas,1890,1,Sciurus Everetti,Indonesia|Malaysia,Asia,Indomalaya,LC (as Dremomys everetti),0
Sundasciurus_fraterculus,1001580,21,Fraternal Squirrel,Nannosciurinae,Nannosciurini,Sundasciurus,NA,fraterculus,O. Thomas,1895,1,Sciurus fraterculus,Indonesia,Asia,Indomalaya,VU,0
Sundasciurus_hippurus,1001581,21,Horse-tailed Squirrel,Nannosciurinae,Nannosciurini,Sundasciurus,NA,hippurus,I. Geoffroy Saint-Hilaire,1831,1,Sciurus hippurus,Brunei|Indonesia|Malaysia|Thailand,Asia,Indomalaya,NT,0
Sundasciurus_hoogstraali,1001582,21,Busuanga Squirrel,Nannosciurinae,Nannosciurini,Sundasciurus,NA,hoogstraali,Sanborn,1952,1,Callosciurus hoogstraali,Philippines,Asia,Indomalaya,LC,0
Sundasciurus_jentinki,1001583,21,Jentink's Squirrel,Nannosciurinae,Nannosciurini,Sundasciurus,NA,jentinki,O. Thomas,1887,1,Sciurus Jentinki,Indonesia|Malaysia,Asia,Indomalaya,LC,0
Sundasciurus_juvencus,1001584,21,Northern Palawan Tree Squirrel,Nannosciurinae,Nannosciurini,Sundasciurus,NA,juvencus,O. Thomas,1908,1,Sciurus juvencus,Philippines,Asia,Indomalaya,LC,0
Sundasciurus_lowii,1001585,21,Low's Squirrel,Nannosciurinae,Nannosciurini,Sundasciurus,NA,lowii,O. Thomas,1892,1,Sciurus Lowii,Brunei|Indonesia|Malaysia,Asia,Indomalaya,LC,0
Sundasciurus_mindanensis,1001586,21,Mindanao Squirrel,Nannosciurinae,Nannosciurini,Sundasciurus,NA,mindanensis,Steere,1890,1,Sciurus Mindanensis,Philippines,Asia,Indomalaya,LC,0
Sundasciurus_moellendorffi,1001587,21,Culion Tree Squirrel,Nannosciurinae,Nannosciurini,Sundasciurus,NA,moellendorffi,Matschie,1898,1,Sciurus möllendorffi,Philippines,Asia,Indomalaya,NT,0
Sundasciurus_natunensis,1001588,21,Natuna Squirrel,Nannosciurinae,Nannosciurini,Sundasciurus,NA,natunensis,O. Thomas,1895,1,Sciurus lowi natunensis,Indonesia,Asia,Indomalaya,NE,0
Sundasciurus_philippinensis,1001589,21,Philippine Tree Squirrel,Nannosciurinae,Nannosciurini,Sundasciurus,NA,philippinensis,G. R. Waterhouse,1839,1,Sciurus Philippinensis,Philippines,Asia,Indomalaya,LC,0
Sundasciurus_rabori,1001590,21,Palawan Montane Squirrel,Nannosciurinae,Nannosciurini,Sundasciurus,NA,rabori,Heaney,1979,0,Sundasciurus rabori,Philippines,Asia,Indomalaya,DD,0
Sundasciurus_robinsoni,1001591,21,Robinson's Squirrel,Nannosciurinae,Nannosciurini,Sundasciurus,NA,robinsoni,Bonhote,1903,1,Sciurus robinsoni,Indonesia|Malaysia|Thailand,Asia,Indomalaya,NE,0
Sundasciurus_samarensis,1001592,21,Samar Squirrel,Nannosciurinae,Nannosciurini,Sundasciurus,NA,samarensis,Steere,1890,1,Sciurus Samarensis,Philippines,Asia,Indomalaya,LC,0
Sundasciurus_steerii,1001593,21,Southern Palawan Tree Squirrel,Nannosciurinae,Nannosciurini,Sundasciurus,NA,steerii,A. Günther,1877,1,Sciurus steerii,Philippines,Asia,Indomalaya,LC,0
Sundasciurus_tahan,1001594,21,Upland Squirrel,Nannosciurinae,Nannosciurini,Sundasciurus,NA,tahan,Bonhote,1908,1,Sciurus tahan,Malaysia,Asia,Indomalaya,NE,0
Sundasciurus_tenuis,1001595,21,Slender Squirrel,Nannosciurinae,Nannosciurini,Sundasciurus,NA,tenuis,Horsfield,1824,1,Sciurus tenuis,Brunei|Indonesia|Malaysia|Singapore|Thailand,Asia,Indomalaya,LC,0
Tamiops_barbei,1006885,21,Southeast Asian Striped Squirrel,Nannosciurinae,Nannosciurini,Tamiops,NA,barbei,E. Blyth,1847,1,Sciurus Barbei,Cambodia|China|Laos|Malaysia|Myanmar|Thailand|Vietnam,Asia,Indomalaya|Palearctic,NE,0
Tamiops_maritimus,1001596,21,Maritime Striped Squirrel,Nannosciurinae,Nannosciurini,Tamiops,NA,maritimus,Bonhote,1900,1,Sciurus MacClellandi maritimus,China|Laos|Taiwan|Vietnam,Asia,Indomalaya|Palearctic,LC,0
Tamiops_mcclellandii,1001597,21,Himalayan Striped Squirrel,Nannosciurinae,Nannosciurini,Tamiops,NA,mcclellandii,Horsfield,1840,1,Sciurus McClellandii,Bhutan|China|India|Myanmar|Nepal,Asia,Indomalaya|Palearctic,LC,0
Tamiops_minshanicus,1006627,21,Minshan Striped Squirrel,Nannosciurinae,Nannosciurini,Tamiops,NA,minshanicus,"Liu Shaoying, Tang Mingkun, R. W. Murphy, Chen Shunde, & Li Song in Liu Shaoying, Tang Mingkun, R. W. Murphy, Liu Yinxun, Wang Xuming, Wan Tao, Liao Rui, Tang Keyi, Qing Jiao, Chen Shunde, & Li Song",2022,0,Tamiops minshanica,China,Asia,Indomalaya|Palearctic,NE,0
Tamiops_rodolphii,1001598,21,Cambodian Striped Squirrel,Nannosciurinae,Nannosciurini,Tamiops,NA,rodolphii,A. Milne-Edwards,1867,1,Sciurus (Tamias) Rodolphii,Cambodia|Laos|Thailand|Vietnam,Asia,Indomalaya,LC,0
Tamiops_swinhoei,1001599,21,Swinhoe's Striped Squirrel,Nannosciurinae,Nannosciurini,Tamiops,NA,swinhoei,A. Milne-Edwards,1874,1,Sciurus macclellandii var. swinhoei,China|Laos|Myanmar|Vietnam,Asia,Indomalaya|Palearctic,LC,0
Ratufa_affinis,1001606,21,Pale Giant Squirrel,Ratufinae,NA,Ratufa,NA,affinis,Raffles,1821,1,Sciurus affinis,Brunei|Indonesia|Malaysia|Thailand,Asia,Indomalaya,NT,0
Ratufa_bicolor,1001607,21,Southern Black Giant Squirrel,Ratufinae,NA,Ratufa,NA,bicolor,Sparrman,1778,1,Sciurus Bicolor,Cambodia|Indonesia|Malaysia|Myanmar|Thailand|Vietnam|Laos?,Asia,Indomalaya|Palearctic,NT,0
Ratufa_gigantea,1007019,21,Northern Black Giant Squirrel,Ratufinae,NA,Ratufa,NA,gigantea,McClelland in Horsfield,1840,1,Sciurus giganteus,Bangladesh|Bhutan|China|India|Laos|Myanmar|Nepal|Thailand|Vietnam|Cambodia?,Asia,Indomalaya,NE,0
Ratufa_indica,1001608,21,Indian Giant Squirrel,Ratufinae,NA,Ratufa,NA,indica,Erxleben,1777,1,Sciurus indicus,India,Asia,Indomalaya,LC,0
Ratufa_macroura,1001609,21,Sri Lankan Giant Squirrel,Ratufinae,NA,Ratufa,NA,macroura,Pennant,1769,1,Sciurus macrourus,India|Sri Lanka,Asia,Indomalaya,NT,0
Sciurillus_pusillus,1001610,21,Neotropical Pygmy Squirrel,Sciurillinae,NA,Sciurillus,NA,pusillus,É. Geoffroy Saint-Hilaire,1803,1,Sciurus pusillus,Brazil|Colombia|French Guiana|Guyana|Peru|Suriname,South America,Neotropic,LC,0
Eoglaucomys_fimbriatus,1001618,21,Kashmir Flying Squirrel,Sciurinae,Pteromyini,Eoglaucomys,NA,fimbriatus,J. E. Gray,1837,1,Sciuroptera fimbriata,Afghanistan|India|Pakistan,Asia,Palearctic,LC,0
Glaucomys_oregonensis,1001620,21,Humboldt's Flying Squirrel,Sciurinae,Pteromyini,Glaucomys,NA,oregonensis,Bachman,1839,1,Pteromys oregonensis,Canada|United States,North America,Nearctic,NE,0
Glaucomys_sabrinus,1001621,21,Northern Flying Squirrel,Sciurinae,Pteromyini,Glaucomys,NA,sabrinus,G. K. Shaw,1801,1,Sciurus Sabrinus,Canada|United States,North America,Nearctic,LC,0
Glaucomys_volans,1001622,21,Southern Flying Squirrel,Sciurinae,Pteromyini,Glaucomys,NA,volans,Linnaeus,1758,1,Mus volans,Canada|Guatemala|Honduras|Mexico|United States,North America,Nearctic|Neotropic,LC,0
Hylopetes_alboniger,1001623,21,Particolored Flying Squirrel,Sciurinae,Pteromyini,Hylopetes,NA,alboniger,B. H. Hodgson,1836,1,Sciuropterus Alboniger,Bangladesh|Bhutan|Cambodia|China|India|Laos|Myanmar|Nepal|Thailand|Vietnam,Asia,Indomalaya|Palearctic,LC,0
Hylopetes_bartelsi,1001624,21,Bartels's Flying Squirrel,Sciurinae,Pteromyini,Hylopetes,NA,bartelsi,Chasen,1939,1,Petinomys bartelsi,Indonesia,Asia,Indomalaya,DD,0
Hylopetes_electilis,1001625,21,Hainan Flying Squirrel,Sciurinae,Pteromyini,Hylopetes,NA,electilis,G. M. Allen,1925,1,Pteromys (Petinomys) electilis,China,Asia,Palearctic,NE,0
Hylopetes_nigripes,1001626,21,Palawan Flying Squirrel,Sciurinae,Pteromyini,Hylopetes,NA,nigripes,O. Thomas,1893,1,Sciuropterus nigripes,Philippines,Asia,Indomalaya,NT,0
Hylopetes_phayrei,1001627,21,Indochinese Flying Squirrel,Sciurinae,Pteromyini,Hylopetes,NA,phayrei,E. Blyth,1859,1,Sciuropterus Phayrei,China|India|Laos|Myanmar|Thailand|Vietnam,Asia,Indomalaya|Palearctic,LC,0
Hylopetes_platyurus,1001628,21,Jentink's Flying Squirrel,Sciurinae,Pteromyini,Hylopetes,NA,platyurus,Jentink,1890,1,Sciuropterus platyurus,Brunei|Indonesia|Malaysia|Thailand,Asia,Indomalaya,DD,0
Hylopetes_sagitta,1001629,21,Gray-cheeked Flying Squirrel,Sciurinae,Pteromyini,Hylopetes,NA,sagitta,Linnaeus,1766,1,Sciurus Sagitta,Indonesia,Asia,Indomalaya,DD,0
Hylopetes_sipora,1001630,21,Sipora Flying Squirrel,Sciurinae,Pteromyini,Hylopetes,NA,sipora,Chasen,1940,0,Hylopetes sagitta sipora,Indonesia,Asia,Indomalaya,EN,0
Hylopetes_spadiceus,1001631,21,Red-cheeked Flying Squirrel,Sciurinae,Pteromyini,Hylopetes,NA,spadiceus,E. Blyth,1847,1,Sciuropterus spadiceus,Brunei|Cambodia|Indonesia|Laos|Malaysia|Myanmar|Singapore|Thailand|Vietnam,Asia,Indomalaya,LC,0
Hylopetes_winstoni,1001632,21,Sumatran Flying Squirrel,Sciurinae,Pteromyini,Hylopetes,NA,winstoni,Sody,1949,1,Iomys winstoni,Indonesia,Asia,Indomalaya,DD,0
Iomys_horsfieldii,1001633,21,Javanese Flying Squirrel,Sciurinae,Pteromyini,Iomys,NA,horsfieldii,G. R. Waterhouse,1838,1,Pteromys (Sciuropterus) Horsfieldii,Brunei|Indonesia|Malaysia|Singapore,Asia,Indomalaya,LC,0
Iomys_sipora,1001634,21,Mentawai Flying Squirrel,Sciurinae,Pteromyini,Iomys,NA,sipora,Chasen & Kloss,1928,0,Iomys horsfieldi sipora,Indonesia,Asia,Indomalaya,EN,0
Olisthomys_morrisi,1006852,21,Morris's Flying Squirrel,Sciurinae,Pteromyini,Olisthomys,NA,morrisi,T. D. Carter,1942,1,Pteromys (Olisthomys) morrisi,Myanmar|Thailand,Asia,Indomalaya,NE,0
Petaurillus_emiliae,1001635,21,Lesser Pygmy Flying Squirrel,Sciurinae,Pteromyini,Petaurillus,NA,emiliae,O. Thomas,1908,0,Petaurillus emiliæ,Indonesia|Malaysia,Asia,Indomalaya,DD,0
Petaurillus_hosei,1001636,21,Hose's Pygmy Flying Squirrel,Sciurinae,Pteromyini,Petaurillus,NA,hosei,O. Thomas,1900,1,Sciuropterus Hosei,Brunei|Malaysia,Asia,Indomalaya,DD,0
Petaurillus_kinlochii,1001637,21,Selangor Pygmy Flying Squirrel,Sciurinae,Pteromyini,Petaurillus,NA,kinlochii,H. C. Robinson & Kloss,1911,1,Sciuropterus (Petaurillus) kinlochii,Malaysia,Asia,Indomalaya,DD,0
Petinomys_crinitus,1001657,21,Basilan Flying Squirrel,Sciurinae,Pteromyini,Petinomys,NA,crinitus,Hollister,1911,1,Sciuropterus crinitus,Philippines,Asia,Indomalaya,LC,0
Petinomys_fuscocapillus,1001658,21,Travancore Flying Squirrel,Sciurinae,Pteromyini,Petinomys,NA,fuscocapillus,Jerdon in E. Blyth,1847,1,Sciuropterus fuscocapillus,India|Sri Lanka,Asia,Indomalaya,LC,0
Petinomys_genibarbis,1001659,21,Whiskered Flying Squirrel,Sciurinae,Pteromyini,Petinomys,NA,genibarbis,Horsfield,1822,1,Pteromys genibarbis,Brunei|Indonesia|Malaysia,Asia,Indomalaya,VU,0
Petinomys_hageni,1001660,21,Hagen's Flying Squirrel,Sciurinae,Pteromyini,Petinomys,NA,hageni,Jentink,1889,1,Sciuropterus hageni,Indonesia,Asia,Indomalaya,DD,0
Petinomys_lugens,1001661,21,Siberut Flying Squirrel,Sciurinae,Pteromyini,Petinomys,NA,lugens,O. Thomas,1895,1,Sciuropterus lugens,Indonesia,Asia,Indomalaya,VU,0
Petinomys_mindanensis,1001662,21,Mindanao Flying Squirrel,Sciurinae,Pteromyini,Petinomys,NA,mindanensis,Rabor,1939,1,Sciuropterus mindanensis,Philippines,Asia,Indomalaya,LC,0
Petinomys_setosus,1001663,21,Temminck's Flying Squirrel,Sciurinae,Pteromyini,Petinomys,NA,setosus,Temminck,1844,1,Pteromys (Sciuropterus) setosus,Brunei|Indonesia|Malaysia|Thailand,Asia,Indomalaya,VU,0
Petinomys_vordermanni,1001664,21,Vordermann's Flying Squirrel,Sciurinae,Pteromyini,Petinomys,NA,vordermanni,Jentink,1890,1,Sciuropterus vordermanni,Brunei|Indonesia|Malaysia|Myanmar|Thailand,Asia,Indomalaya,VU,0
Priapomys_leonardi,1006561,21,Himalayan Large-eared Flying Squirrel,Sciurinae,Pteromyini,Priapomys,NA,leonardi,O. Thomas,1921,1,Pteromys (Hylopetes) leonardi,China|Myanmar,Asia,Indomalaya,NE,0
Aeretes_melanopterus,1001611,21,Northern Chinese Flying Squirrel,Sciurinae,Pteromyini,Aeretes,NA,melanopterus,A. Milne-Edwards,1867,1,Pteromys melanopterus,China,Asia,Palearctic,LC,0
Aeromys_tephromelas,1001612,21,Black Flying Squirrel,Sciurinae,Pteromyini,Aeromys,NA,tephromelas,A. Günther,1873,1,Pteromys tephromelas,Brunei|Indonesia|Malaysia|Thailand,Asia,Indomalaya,DD,0
Aeromys_thomasi,1001613,21,Thomas's Flying Squirrel,Sciurinae,Pteromyini,Aeromys,NA,thomasi,Hose,1900,1,Petaurista Thomasi,Brunei|Indonesia|Malaysia,Asia,Indomalaya,LC,0
Belomys_pearsonii,1001614,21,Hairy-footed Flying Squirrel,Sciurinae,Pteromyini,Belomys,NA,pearsonii,J. E. Gray,1842,1,Sciuropterus Pearsonii,Bhutan|China|India|Laos|Myanmar|Nepal|Taiwan|Thailand|Vietnam,Asia,Indomalaya|Palearctic,LC,0
Biswamoyopterus_biswasi,1001615,21,Namdapha Flying Squirrel,Sciurinae,Pteromyini,Biswamoyopterus,NA,biswasi,S. S. Saha,1981,0,Biswamoyopterus biswasi,India|Myanmar,Asia,Palearctic,CR,0
Biswamoyopterus_gaoligongensis,1001616,21,Mount Gaoligong Flying Squirrel,Sciurinae,Pteromyini,Biswamoyopterus,NA,gaoligongensis,"Li Quan, Li Xueyou, S. M. Jackson, Li Fei, Jiang Ming, Zhao Wei, Song Wenyu, & Jiang Xuelong",2019,0,Biswamoyopterus gaoligongensis,China,Asia,Indomalaya,NE,0
Biswamoyopterus_laoensis,1001617,21,Laotian Flying Squirrel,Sciurinae,Pteromyini,Biswamoyopterus,NA,laoensis,"Sanamxay, Douangboubpha, Bumrungsri, Xayavong, Xayaphet, Satasook, & P. J. J. Bates",2013,0,Biswamoyopterus laoensis,Laos,Asia,Indomalaya,DD,0
Eupetaurus_cinereus,1001619,21,Western Woolly Flying Squirrel,Sciurinae,Pteromyini,Eupetaurus,NA,cinereus,O. Thomas,1888,0,Eupetaurus cinereus,India|Pakistan|Nepal?,Asia,Palearctic,EN,0
Eupetaurus_nivamons,1006562,21,Yunnan Woolly Flying Squirrel,Sciurinae,Pteromyini,Eupetaurus,NA,nivamons,"Li Quan, Jiang Xuelong, S. M. Jackson, & K. M. Helgen in S. M. Jackson, Li Quan, Wan Tao, Li Xueyou, Yu Fahong, Gao Ge, He Likun, K. M. Helgen, & Jiang Xuelong",2021,0,Eupetaurus nivamons,China|Myanmar?,Asia,Palearctic,NE,0
Eupetaurus_tibetensis,1006563,21,Tibetan Woolly Flying Squirrel,Sciurinae,Pteromyini,Eupetaurus,NA,tibetensis,"S. M. Jackson, K. M. Helgen, Li Quan, & Jiang Xuelong in S. M. Jackson, Li Quan, Wan Tao, Li Xueyou, Yu Fahong, Gao Ge, He Likun, K. M. Helgen, & Jiang Xuelong",2021,0,Eupetaurus tibetensis,Bhutan|China|India|Nepal,Asia,Palearctic,NE,0
Petaurista_albiventer,1001638,21,White-bellied Giant Flying Squirrel,Sciurinae,Pteromyini,Petaurista,NA,albiventer,J. E. Gray,1834,1,Pteromys albiventer,Afghanistan|Bhutan|China|India|Nepal|Pakistan|Thailand?,Asia,Indomalaya|Palearctic,NE,0
Petaurista_alborufus,1001639,21,Red-and-white Giant Flying Squirrel,Sciurinae,Pteromyini,Petaurista,NA,alborufus,A. Milne-Edwards,1870,1,Pteromys alborufus,China|India|Myanmar|Thailand,Asia,Indomalaya|Palearctic,LC,0
Petaurista_caniceps,1001640,21,Gray-headed Giant Flying Squirrel,Sciurinae,Pteromyini,Petaurista,NA,caniceps,J. E. Gray,1842,1,Sciuropterus caniceps,Bhutan|China|India|Nepal,Asia,Palearctic,NE,0
Petaurista_elegans,1001641,21,Spotted Giant Flying Squirrel,Sciurinae,Pteromyini,Petaurista,NA,elegans,Temminck,1836,1,Pteromys elegans,Brunei|Indonesia|Malaysia,Asia,Indomalaya,LC,0
Petaurista_grandis,1001642,21,Formosan Giant Flying Squirrel,Sciurinae,Pteromyini,Petaurista,NA,grandis,Swinhoe,1863,1,Pteromys grandis,Taiwan,Asia,Palearctic,NE,0
Petaurista_hainanus,1001643,21,Hainan Giant Flying Squirrel,Sciurinae,Pteromyini,Petaurista,NA,hainanus,G. M. Allen,1925,0,Petaurista hainana,China,Asia,Palearctic,NE,0
Petaurista_lena,1001644,21,Taiwan Giant Flying Squirrel,Sciurinae,Pteromyini,Petaurista,NA,lena,O. Thomas,1907,0,Petaurista lena,Taiwan,Asia,Palearctic,NE,0
Petaurista_leucogenys,1001645,21,Japanese Giant Flying Squirrel,Sciurinae,Pteromyini,Petaurista,NA,leucogenys,Temminck,1836,0,Petaurista leucogenys,Japan,Asia,Palearctic,LC,0
Petaurista_marica,1001647,21,Indochinese Giant Flying Squirrel,Sciurinae,Pteromyini,Petaurista,NA,marica,O. Thomas,1912,0,Petaurista marica,China|India|Laos|Myanmar|Thailand|Vietnam|Malaysia?,Asia,Indomalaya|Palearctic,NE,0
Petaurista_nobilis,1001650,21,Bhutan Giant Flying Squirrel,Sciurinae,Pteromyini,Petaurista,NA,nobilis,J. E. Gray,1842,1,Sciuropterus nobilis,Bhutan|China|India|Laos|Myanmar|Nepal|Vietnam,Asia,Indomalaya|Palearctic,NT,0
Petaurista_nujiangensis,1006991,21,Nujiang Giant Flying Squirrel,Sciurinae,Pteromyini,Petaurista,NA,nujiangensis,"Li Quan, S. M. Jackson, & Jiang Xuelong in Li Quan, S. M. Jackson, Li Xueyou, Song Wenyu, Chen Zhongzheng, Zhu Zhongxu, Hu Zhechang, He Shuiwang, Wang Hongjiao, Luo Kang, Luo Jing, Pu Mingjin, Pu Changzhe, Xiong Yun, Li Sanfu, Liu Shaoying, & Jiang Xuelong",2025,0,Petaurista nujiangensis,China|Myanmar?,Asia,Indomalaya,NE,0
Petaurista_petaurista,1001651,21,Red Giant Flying Squirrel,Sciurinae,Pteromyini,Petaurista,NA,petaurista,Pallas,1766,1,Sciurus petaurista,Brunei|Indonesia|Malaysia|Thailand|Bangladesh?|India?|Myanmar?,Asia,Indomalaya|Palearctic,LC,0
Petaurista_philippensis,1001652,21,Indian Giant Flying Squirrel,Sciurinae,Pteromyini,Petaurista,NA,philippensis,W. Elliot,1839,1,Pteromys Philippensis,Cambodia|China|India|Laos|Myanmar|Sri Lanka|Thailand|Vietnam,Asia,Indomalaya|Palearctic,LC,0
Petaurista_siangensis,1001653,21,Mebo Giant Flying Squirrel,Sciurinae,Pteromyini,Petaurista,NA,siangensis,Choudhury,2013,0,Petaurista siangensis,India,Asia,Palearctic,NE,0
Petaurista_xanthotis,1001655,21,Chinese Giant Flying Squirrel,Sciurinae,Pteromyini,Petaurista,NA,xanthotis,A. Milne-Edwards,1872,1,Pteromys xanthotis,China,Asia,Palearctic,LC,0
Pteromys_momonga,1001665,21,Japanese Flying Squirrel,Sciurinae,Pteromyini,Pteromys,NA,momonga,Temminck,1844,0,Pteromys (Sciuropterus) momonga,Japan,Asia,Palearctic,LC,0
Pteromys_volans,1001666,21,Siberian Flying Squirrel,Sciurinae,Pteromyini,Pteromys,NA,volans,Linnaeus,1758,1,Sciurus volans,Belarus|China|Estonia|Finland|Japan|Kazakhstan|Latvia|Mongolia|North Korea|Russia|South Korea,Asia|Europe,Palearctic,LC,0
Pteromyscus_pulverulentus,1001667,21,Smoky Flying Squirrel,Sciurinae,Pteromyini,Pteromyscus,NA,pulverulentus,A. Günther,1873,1,Sciuropterus pulverulentus,Brunei|Indonesia|Malaysia|Thailand,Asia,Indomalaya,EN,0
Trogopterus_xanthipes,1001668,21,Complex-toothed Flying Squirrel,Sciurinae,Pteromyini,Trogopterus,NA,xanthipes,A. Milne-Edwards,1867,1,Pteromys xanthipes,China,Asia,Palearctic,NT,0
Microsciurus_alfari,1001669,21,Central American Dwarf Squirrel,Sciurinae,Sciurini,Microsciurus,NA,alfari,J. A. Allen,1895,1,Sciurus (Microsciurus) alfari,Colombia|Costa Rica|Nicaragua|Panama,North America|South America,Neotropic,LC,0
Microsciurus_boquetensis,1006703,21,Panamanian Dwarf Squirrel,Sciurinae,Sciurini,Microsciurus,NA,boquetensis,E. W. Nelson,1903,1,Sciurus (Microsciurus) boquetensis,Panama,North America,Neotropic,NE,0
Microsciurus_flaviventer,1001670,21,Amazon Dwarf Squirrel,Sciurinae,Sciurini,Microsciurus,NA,flaviventer,J. E. Gray,1867,1,Macroxus flaviventer,Bolivia|Brazil|Colombia|Ecuador|Peru,South America,Neotropic,LC,0
Microsciurus_isthmius,1006704,21,Isthmian Dwarf Squirrel,Sciurinae,Sciurini,Microsciurus,NA,isthmius,E. W. Nelson,1899,1,Sciurus (Microsciurus) isthmius,Colombia|Panama,North America|South America,Neotropic,NE,0
Microsciurus_mimulus,1001671,21,Western Dwarf Squirrel,Sciurinae,Sciurini,Microsciurus,NA,mimulus,O. Thomas,1898,1,Sciurus (Microsciurus) mimulus,Colombia|Ecuador,South America,Neotropic,LC,0
Microsciurus_otinus,1006705,21,White-eared Dwarf Squirrel,Sciurinae,Sciurini,Microsciurus,NA,otinus,O. Thomas,1901,1,Sciurus (Microsciurus) otinus,Colombia,South America,Neotropic,NE,0
Microsciurus_sabanillae,1006706,21,Sabanilla Dwarf Squirrel,Sciurinae,Sciurini,Microsciurus,NA,sabanillae,H. E. Anthony,1922,0,Microsciurus sabanillæ,Ecuador|Peru,South America,Neotropic,NE,0
Microsciurus_santanderensis,1001672,21,Santander Dwarf Squirrel,Sciurinae,Sciurini,Microsciurus,NA,santanderensis,Hernández-Camacho in Borrero-H. & Hernández-Camacho,1957,1,Sciurus (Guerlinguetus) pucheranii santanderensis,Colombia,South America,Neotropic,DD,0
Microsciurus_similis,1006707,21,Choco Dwarf Squirrel,Sciurinae,Sciurini,Microsciurus,NA,similis,E. W. Nelson,1899,1,Sciurus (Microsciurus) similis,Colombia|Panama,North America|South America,Neotropic,NE,0
Microsciurus_simonsi,1006708,21,Simons's Dwarf Squirrel,Sciurinae,Sciurini,Microsciurus,NA,simonsi,O. Thomas,1900,1,Sciurus (Microsciurus) Simonsi,Ecuador,South America,Neotropic,NE,0
Rheithrosciurus_macrotis,1001673,21,Tufted Ground Squirrel,Sciurinae,Sciurini,Rheithrosciurus,NA,macrotis,J. E. Gray,1856,1,Sciurus macrotis,Brunei|Indonesia|Malaysia,Asia,Indomalaya,VU,0
Sciurus_aberti,1001674,21,Abert's Squirrel,Sciurinae,Sciurini,Sciurus,Hesperosciurus,aberti,S. W. Woodhouse,1853,0,Sciurus Aberti,Mexico|United States,North America,Nearctic,LC,0
Sciurus_aestuans,1001675,21,Guianan Squirrel,Sciurinae,Sciurini,Sciurus,Guerlinguetus,aestuans,Linnaeus,1766,0,Sciurus æstuans,Brazil|Colombia|French Guiana|Guyana|Peru|Suriname|Venezuela,South America,Neotropic,LC,0
Sciurus_alleni,1001676,21,Allen's Squirrel,Sciurinae,Sciurini,Sciurus,Parasciurus,alleni,E. W. Nelson,1898,0,Sciurus alleni,Mexico,North America,Nearctic,LC,0
Sciurus_anomalus,1001677,21,Caucasian Squirrel,Sciurinae,Sciurini,Sciurus,Tenes,anomalus,von Güldenstädt in von Schreber,1785,0,Sciurus anomalus,Armenia|Azerbaijan|Georgia|Greece|Iran|Iraq|Israel|Jordan|Lebanon|Palestine|Syria|Turkey,Asia|Europe,Palearctic,LC,0
Sciurus_arizonensis,1001678,21,Arizona Gray Squirrel,Sciurinae,Sciurini,Sciurus,Parasciurus,arizonensis,Coues,1867,0,Sciurus Arizonensis,Mexico|United States,North America,Nearctic,DD,0
Sciurus_aureogaster,1001679,21,Red-bellied Squirrel,Sciurinae,Sciurini,Sciurus,Echinosciurus,aureogaster,S. Nilsson,1831,0,Sciurus aureogaster,Guatemala|Mexico,North America,Nearctic|Neotropic,LC,0
Sciurus_brasiliensis,1006709,21,Brazilian Squirrel,Sciurinae,Sciurini,Sciurus,Guerlinguetus,brasiliensis,J. F. Gmelin,1788,0,Sciurus brasiliensis,Argentina|Brazil|Paraguay,South America,Neotropic,NE,0
Sciurus_carolinensis,1001680,21,Eastern Gray Squirrel,Sciurinae,Sciurini,Sciurus,Neosciurus,carolinensis,J. F. Gmelin,1788,0,Sciurus carolinensis,Canada|United States,North America,Nearctic,LC,0
Sciurus_colliaei,1001681,21,Collie's Squirrel,Sciurinae,Sciurini,Sciurus,Echinosciurus,colliaei,J. Richardson,1839,0,Sciurus Colliaei,Mexico,North America,Nearctic,LC,0
Sciurus_deppei,1001682,21,Deppe's Squirrel,Sciurinae,Sciurini,Sciurus,Echinosciurus,deppei,W. C. H. Peters,1864,0,Sciurus Deppei,Belize|Costa Rica|El Salvador|Guatemala|Honduras|Mexico|Nicaragua,North America,Nearctic|Neotropic,LC,0
Sciurus_granatensis,1001685,21,Red-tailed Squirrel,Sciurinae,Sciurini,Sciurus,incertae sedis,granatensis,von Humboldt,1805,0,sciurus granatensis,Colombia|Costa Rica|Ecuador|Panama|Trinidad and Tobago|Venezuela,North America|South America,Neotropic,LC,0
Sciurus_griseus,1001686,21,Western Gray Squirrel,Sciurinae,Sciurini,Sciurus,Hesperosciurus,griseus,Ord,1818,0,Sciurus griseus,Mexico|United States,North America,Nearctic,LC,0
Sciurus_ignitus,1001687,21,Bolivian Squirrel,Sciurinae,Sciurini,Sciurus,Hadrosciurus,ignitus,J. E. Gray,1867,1,Macroxus ignitus,Argentina|Bolivia|Brazil|Peru,South America,Neotropic,LC,0
Sciurus_igniventris,1001688,21,Northern Amazon Red Squirrel,Sciurinae,Sciurini,Sciurus,Hadrosciurus,igniventris,J. A. Wagner,1842,0,Sciurus igniventris,Brazil|Colombia|Ecuador|Guyana|Peru|Venezuela,South America,Neotropic,LC,0
Sciurus_lis,1001689,21,Japanese Squirrel,Sciurinae,Sciurini,Sciurus,Sciurus,lis,Temminck,1844,0,Sciurus lis,Japan,Asia,Palearctic,LC,0
Sciurus_meridionalis,1001690,21,Calabrian Black Squirrel,Sciurinae,Sciurini,Sciurus,Sciurus,meridionalis,Lucifero,1907,0,Sciurus meridionalis,Italy,Europe,Palearctic,NT,0
Sciurus_nayaritensis,1001691,21,Mexican Fox Squirrel,Sciurinae,Sciurini,Sciurus,Parasciurus,nayaritensis,J. A. Allen,1890,0,Sciurus nayaritensis,Mexico|United States,North America,Nearctic,LC,0
Sciurus_nebouxii,1006747,21,White-naped Squirrel,Sciurinae,Sciurini,Sciurus,Simosciurus,nebouxii,I. Geoffroy Saint-Hilaire,1855,0,Sciurus Nebouxii,Ecuador|Peru,South America,Neotropic,NE,0
Sciurus_niger,1001692,21,Eastern Fox Squirrel,Sciurinae,Sciurini,Sciurus,Parasciurus,niger,Linnaeus,1758,0,Sciurus niger,Canada|Mexico|United States,North America,Nearctic,LC,0
Sciurus_oculatus,1001693,21,Peters's Squirrel,Sciurinae,Sciurini,Sciurus,Parasciurus,oculatus,W. C. H. Peters,1864,0,Sciurus oculatus,Mexico,North America,Nearctic,LC,0
Sciurus_pachecoi,1006853,21,Pacheco's Squirrel,Sciurinae,Sciurini,Sciurus,Hadrosciurus,pachecoi,"Voss, Fleck, & Giarla",2024,0,Sciurus (Hadrosciurus) pachecoi,Peru,South America,Neotropic,NE,0
Sciurus_pucheranii,1001694,21,Andean Squirrel,Sciurinae,Sciurini,Sciurus,Leptosciurus,pucheranii,Fitzinger,1867,1,Funambulus Pucheranii,Colombia,South America,Neotropic,DD,0
Sciurus_pyrrhinus,1001695,21,Junin Red Squirrel,Sciurinae,Sciurini,Sciurus,Hadrosciurus,pyrrhinus,O. Thomas,1898,0,Sciurus pyrrhinus,Peru|Bolivia?|Brazil?|Ecuador?,South America,Neotropic,DD,0
Sciurus_richmondi,1001696,21,Richmond's Squirrel,Sciurinae,Sciurini,Sciurus,incertae sedis,richmondi,E. W. Nelson,1898,0,Sciurus richmondi,Nicaragua,North America,Neotropic,NT,0
Sciurus_spadiceus,1001698,21,Southern Amazon Red Squirrel,Sciurinae,Sciurini,Sciurus,Hadrosciurus,spadiceus,I. von Olfers,1818,0,Sciurus spadiceus,Bolivia|Brazil|Colombia|Ecuador|Peru,South America,Neotropic,LC,0
Sciurus_stramineus,1001699,21,Guayaquil Squirrel,Sciurinae,Sciurini,Sciurus,Simosciurus,stramineus,P. Gervais,1841,0,Sciurus stramineus,Ecuador,South America,Neotropic,LC,0
Sciurus_variegatoides,1001700,21,Variegated Squirrel,Sciurinae,Sciurini,Sciurus,Echinosciurus,variegatoides,W. Ogilby,1839,0,Sciurus variegatoides,Costa Rica|El Salvador|Guatemala|Honduras|Mexico|Nicaragua|Panama,North America,Nearctic|Neotropic,LC,0
Sciurus_vulgaris,1001701,21,Eurasian Red Squirrel,Sciurinae,Sciurini,Sciurus,Sciurus,vulgaris,Linnaeus,1758,0,Sciurus vulgaris,Albania|Austria|Belarus|Belgium|Bosnia and Herzegovina|Bulgaria|China|Croatia|Czech Republic|Denmark|Estonia|Finland|France|Germany|Greece|Hungary|Ireland|Italy|Japan|Kazakhstan|Kosovo|Kyrgyzstan|Latvia|Liechtenstein|Lithuania|Luxembourg|Moldova|Mongolia|Montenegro|Netherlands|North Korea|North Macedonia|Norway|Poland|Portugal|Romania|Russia|Serbia|Slovakia|Slovenia|South Korea|Spain|Sweden|Switzerland|Turkey|Ukraine|United Kingdom,Asia|Europe,Palearctic,LC,0
Sciurus_yucatanensis,1001702,21,Yucatán Squirrel,Sciurinae,Sciurini,Sciurus,Echinosciurus,yucatanensis,J. A. Allen,1877,0,Sciurus carolinensis Var. yucatanensis,Belize|Guatemala|Mexico,North America,Nearctic|Neotropic,LC,0
Syntheosciurus_brochus,1001703,21,Bangs's Mountain Squirrel,Sciurinae,Sciurini,Syntheosciurus,NA,brochus,Bangs,1902,0,Syntheosciurus brochus,Costa Rica|Panama,North America,Neotropic,DD,0
Tamiasciurus_douglasii,1001704,21,Douglas's Squirrel,Sciurinae,Sciurini,Tamiasciurus,NA,douglasii,Bachman,1839,1,Sciurus Douglasii,Canada|Mexico|United States,North America,Nearctic,LC,0
Tamiasciurus_fremonti,1001705,21,Fremont's Squirrel,Sciurinae,Sciurini,Tamiasciurus,NA,fremonti,Audubon & Bachman,1854,1,Sciurus Frémonti,United States,North America,Nearctic,NE,0
Tamiasciurus_hudsonicus,1001706,21,North American Red Squirrel,Sciurinae,Sciurini,Tamiasciurus,NA,hudsonicus,Erxleben,1777,1,Sciurus hudsonicus,Canada|United States,North America,Nearctic,LC,0
Ammospermophilus_harrisii,1001707,21,Harris's Antelope Squirrel,Xerinae,Marmotini,Ammospermophilus,NA,harrisii,Audubon & Bachman,1854,1,Spermophilus Harrisii,Mexico|United States,North America,Nearctic,LC,0
Ammospermophilus_interpres,1001708,21,Texas Antelope Squirrel,Xerinae,Marmotini,Ammospermophilus,NA,interpres,C. H. Merriam,1890,1,Tamias interpres,Mexico|United States,North America,Nearctic,LC,0
Ammospermophilus_leucurus,1001709,21,White-tailed Antelope Squirrel,Xerinae,Marmotini,Ammospermophilus,NA,leucurus,C. H. Merriam,1889,1,Tamias leucurus,Mexico|United States,North America,Nearctic,LC,0
Ammospermophilus_nelsoni,1001710,21,Nelson's Antelope Squirrel,Xerinae,Marmotini,Ammospermophilus,NA,nelsoni,C. H. Merriam,1893,1,Spermophilus nelsoni,United States,North America,Nearctic,EN,0
Notocitellus_adocetus,1001762,21,Tropical Ground Squirrel,Xerinae,Marmotini,Notocitellus,NA,adocetus,C. H. Merriam,1903,1,Citellus adocetus,Mexico,North America,Nearctic,LC,0
Notocitellus_annulatus,1001763,21,Ring-tailed Ground Squirrel,Xerinae,Marmotini,Notocitellus,NA,annulatus,Audubon & Bachman,1842,1,Spermophilus annulatus,Mexico,North America,Nearctic,LC,0
Marmota_baibacina,1001723,21,Gray Marmot,Xerinae,Marmotini,Marmota,Marmota,baibacina,Kastschenko,1899,1,Arctomys baibacina,China|Kazakhstan|Kyrgyzstan|Mongolia|Russia,Asia,Palearctic,LC,0
Marmota_bobak,1001724,21,Bobak Marmot,Xerinae,Marmotini,Marmota,Marmota,bobak,P. L. S. Müller,1776,1,Mus Bobak,Kazakhstan|Russia|Ukraine,Asia|Europe,Palearctic,LC,0
Marmota_broweri,1001725,21,Alaska Marmot,Xerinae,Marmotini,Marmota,Marmota,broweri,E. R. Hall & Gilmore,1934,0,Marmota caligata broweri,Canada|United States,North America,Nearctic,LC,0
Marmota_caligata,1001726,21,Hoary Marmot,Xerinae,Marmotini,Marmota,Petromarmota,caligata,von Eschscholtz,1829,1,Arctomys caligata,Canada|United States,North America,Nearctic,LC,0
Marmota_camtschatica,1001727,21,Black-capped Marmot,Xerinae,Marmotini,Marmota,Marmota,camtschatica,Pallas,1811,1,Arctomys baibak Camtschatica Varietas,Russia,Asia|Europe,Palearctic,LC,0
Marmota_caudata,1001728,21,Long-tailed Marmot,Xerinae,Marmotini,Marmota,Marmota,caudata,I. Geoffroy Saint-Hilaire,1844,1,Arctomys caudatus,Afghanistan|China|India|Kazakhstan|Kyrgyzstan|Pakistan|Tajikistan|Uzbekistan,Asia,Palearctic,LC,0
Marmota_flaviventris,1001729,21,Yellow-bellied Marmot,Xerinae,Marmotini,Marmota,Petromarmota,flaviventris,Audubon & Bachman,1841,1,Arctomys flaviventer,Canada|United States,North America,Nearctic,LC,0
Marmota_himalayana,1001730,21,Himalayan Marmot,Xerinae,Marmotini,Marmota,Marmota,himalayana,B. H. Hodgson,1841,1,Arctomys Himalayanus,China|India|Nepal|Pakistan,Asia,Palearctic,LC,0
Marmota_kastschenkoi,1001731,21,Forest Steppe Marmot,Xerinae,Marmotini,Marmota,Marmota,kastschenkoi,Stroganov & Yudin,1956,0,Marmota baibacina kastschenkoi,Russia,Asia|Europe,Palearctic,NE,0
Marmota_marmota,1001732,21,Alpine Marmot,Xerinae,Marmotini,Marmota,Marmota,marmota,Linnaeus,1758,1,Mus Marmota,Austria|France|Germany|Italy|Liechtenstein|Poland|Romania|Slovakia|Slovenia|Spain|Switzerland,Europe,Palearctic,LC,0
Marmota_menzbieri,1001733,21,Menzbier's Marmot,Xerinae,Marmotini,Marmota,Marmota,menzbieri,Kashkarov,1925,1,Arctomys menzbieri,Kazakhstan|Kyrgyzstan|Uzbekistan,Asia,Palearctic,VU,0
Marmota_monax,1001734,21,Woodchuck,Xerinae,Marmotini,Marmota,Marmota,monax,Linnaeus,1758,1,Mus Monax,Canada|United States,North America,Nearctic,LC,0
Marmota_olympus,1001735,21,Olympic Marmot,Xerinae,Marmotini,Marmota,Petromarmota,olympus,C. H. Merriam,1898,1,Arctomys olympus,United States,North America,Nearctic,LC,0
Marmota_sibirica,1001736,21,Tarbagan Marmot,Xerinae,Marmotini,Marmota,Marmota,sibirica,von Radde,1862,1,Arctomys Bobac vart. sibirica,China|Mongolia|Russia,Asia,Palearctic,EN,0
Marmota_vancouverensis,1001737,21,Vancouver Island Marmot,Xerinae,Marmotini,Marmota,Petromarmota,vancouverensis,Swarth,1911,0,Marmota vancouverensis,Canada,North America,Nearctic,CR,0
Callospermophilus_lateralis,1001711,21,Common Golden-mantled Ground Squirrel,Xerinae,Marmotini,Callospermophilus,NA,lateralis,Say in James,1823,1,Sciurus lateralis,Canada|United States,North America,Nearctic,LC,0
Callospermophilus_madrensis,1001712,21,Sierra Madre Ground Squirrel,Xerinae,Marmotini,Callospermophilus,NA,madrensis,C. H. Merriam,1901,0,Callospermophilus madrensis,Mexico,North America,Nearctic,NT,0
Callospermophilus_saturatus,1001713,21,Cascade Golden-mantled Ground Squirrel,Xerinae,Marmotini,Callospermophilus,NA,saturatus,Rhoads,1895,1,Tamias lateralis saturatus,Canada|United States,North America,Nearctic,LC,0
Otospermophilus_beecheyi,1001765,21,California Ground Squirrel,Xerinae,Marmotini,Otospermophilus,NA,beecheyi,J. Richardson,1829,1,Arctomys (Spermophilus) Beecheyi,Mexico|United States,North America,Nearctic,LC,0
Otospermophilus_douglasii,1006628,21,Douglas's Ground Squirrel,Xerinae,Marmotini,Otospermophilus,NA,douglasii,J. Richardson,1829,1,Arctomys? (Spermophilus?) Douglasii,United States,North America,Nearctic,NE,0
Otospermophilus_variegatus,1001766,21,Common Rock Squirrel,Xerinae,Marmotini,Otospermophilus,NA,variegatus,Erxleben,1777,1,Sciurus variegatus,Mexico|United States,North America,Nearctic,LC,0
Cynomys_gunnisoni,1001714,21,Gunnison's Prairie Dog,Xerinae,Marmotini,Cynomys,Leucocrossuromys,gunnisoni,S. F. Baird,1855,1,Spermophilus gunnisoni,United States,North America,Nearctic,LC,0
Cynomys_leucurus,1001715,21,White-tailed Prairie Dog,Xerinae,Marmotini,Cynomys,Leucocrossuromys,leucurus,C. H. Merriam,1890,0,Cynomys leucurus,United States,North America,Nearctic,LC,0
Cynomys_ludovicianus,1001716,21,Black-tailed Prairie Dog,Xerinae,Marmotini,Cynomys,Cynomys,ludovicianus,Ord,1815,1,Arctomys Ludoviciana,Canada|Mexico|United States,North America,Nearctic,LC,0
Cynomys_mexicanus,1001717,21,Mexican Prairie Dog,Xerinae,Marmotini,Cynomys,Cynomys,mexicanus,C. H. Merriam,1892,0,Cynomys mexicanus,Mexico,North America,Nearctic,EN,0
Cynomys_parvidens,1001718,21,Utah Prairie Dog,Xerinae,Marmotini,Cynomys,Leucocrossuromys,parvidens,J. A. Allen,1905,0,Cynomys parvidens,United States,North America,Nearctic,EN,0
Ictidomys_mexicanus,1001720,21,Mexican Ground Squirrel,Xerinae,Marmotini,Ictidomys,NA,mexicanus,Erxleben,1777,1,Sciurus mexicanus,Mexico,North America,Nearctic,LC,0
Ictidomys_parvidens,1001721,21,Rio Grande Ground Squirrel,Xerinae,Marmotini,Ictidomys,NA,parvidens,Mearns,1896,1,Spermophilus mexicanus parvidens,Mexico|United States,North America,Nearctic,NE,0
Ictidomys_tridecemlineatus,1001722,21,Thirteen-lined Ground Squirrel,Xerinae,Marmotini,Ictidomys,NA,tridecemlineatus,Mitchill,1821,1,Sciurus tridecem-lineatus,Canada|United States,North America,Nearctic,LC,0
Poliocitellus_franklinii,1001767,21,Franklin's Ground Squirrel,Xerinae,Marmotini,Poliocitellus,NA,franklinii,Sabine,1822,1,Arctomys Franklinii,Canada|United States,North America,Nearctic,LC,0
Spermophilus_alaschanicus,1001770,21,Alashan Ground Squirrel,Xerinae,Marmotini,Spermophilus,incertae sedis,alaschanicus,Büchner,1888,0,Spermophilus alaschanicus,China|Mongolia,Asia,Palearctic,LC (as Spermophilus alashanicus),0
Spermophilus_brevicauda,1001771,21,Brandt's Ground Squirrel,Xerinae,Marmotini,Spermophilus,Colobotis,brevicauda,J. F. von Brandt,1843,0,Spermophilus brevicauda,China|Kazakhstan|Kyrgyzstan|Mongolia,Asia,Palearctic,LC,0
Spermophilus_citellus,1001772,21,European Ground Squirrel,Xerinae,Marmotini,Spermophilus,Spermophilus,citellus,Linnaeus,1766,1,Mus Citellus,Austria|Bulgaria|Croatia|Czech Republic|Greece|Hungary|Moldova|North Macedonia|Poland|Romania|Serbia|Slovakia|Turkey|Ukraine,Europe,Palearctic,EN,0
Spermophilus_dauricus,1001773,21,Daurian Ground Squirrel,Xerinae,Marmotini,Spermophilus,incertae sedis,dauricus,J. F. von Brandt,1844,0,Spermophilus dauricus,China|Mongolia|Russia,Asia,Palearctic,LC,0
Spermophilus_erythrogenys,1001774,21,Red-cheeked Ground Squirrel,Xerinae,Marmotini,Spermophilus,Colobotis,erythrogenys,J. F. von Brandt,1841,0,Spermophilus erythrogenys,Kazakhstan|Russia,Asia,Palearctic,LC,0
Spermophilus_fulvus,1001775,21,Yellow Ground Squirrel,Xerinae,Marmotini,Spermophilus,Colobotis,fulvus,H. Lichtenstein,1823,1,Arctomys fulvus,Afghanistan|China|Iran|Kazakhstan|Kyrgyzstan|Russia|Tajikistan|Turkmenistan|Uzbekistan,Asia|Europe,Palearctic,LC,0
Spermophilus_major,1001776,21,Russet Ground Squirrel,Xerinae,Marmotini,Spermophilus,Colobotis,major,Pallas,1779,1,Mus citillus var. major,Kazakhstan|Russia,Asia|Europe,Palearctic,NT,0
Spermophilus_musicus,1001777,21,Caucasian Mountain Ground Squirrel,Xerinae,Marmotini,Spermophilus,incertae sedis,musicus,Ménétries,1832,0,Spermophilus musicus,Georgia|Russia|Ukraine,Europe,Palearctic,LC,0
Spermophilus_nilkaensis,1001778,21,Tian Shan Ground Squirrel,Xerinae,Marmotini,Spermophilus,Colobotis,nilkaensis,Hou Lanxin & Wang Sibo,1989,0,Spermophilus relictus nilkaensis,China|Kazakhstan|Kyrgyzstan,Asia,Palearctic,LC (as Spermophilus ralli),0
Spermophilus_odessanus,1006840,21,Podolian Ground Squirrel,Xerinae,Marmotini,Spermophilus,Spermophilus,odessanus,von Nordmann,1842,0,Spermophilus citellus var. odessana,Belarus|Moldova|Poland|Ukraine,Europe,Palearctic,NE,0
Spermophilus_pallidicauda,1001779,21,Pallid Ground Squirrel,Xerinae,Marmotini,Spermophilus,Colobotis,pallidicauda,Satunin,1903,0,Spermophilus pallidicauda,China|Mongolia,Asia,Palearctic,LC,0
Spermophilus_pygmaeus,1001780,21,Little Ground Squirrel,Xerinae,Marmotini,Spermophilus,incertae sedis,pygmaeus,Pallas,1779,1,Mus citillus varietas pygmea,Kazakhstan|Russia,Asia|Europe,Palearctic,LC,0
Spermophilus_relictus,1001781,21,Relict Ground Squirrel,Xerinae,Marmotini,Spermophilus,Colobotis,relictus,Kashkarov,1923,1,Citellus musicus relictus,Kazakhstan|Kyrgyzstan|Tajikistan|Uzbekistan,Asia,Palearctic,LC,0
Spermophilus_selevini,1006841,21,Selevin's Ground Squirrel,Xerinae,Marmotini,Spermophilus,Colobotis,selevini,Argyropulo in Vinogradov & Argyropulo,1941,1,Citellus erythrogenys selevini,Kazakhstan|Russia,Asia,Palearctic,NE,0
Spermophilus_suslicus,1001782,21,Speckled Ground Squirrel,Xerinae,Marmotini,Spermophilus,Spermophilus,suslicus,von Güldenstädt,1770,1,Mus suslica,Russia|Ukraine,Europe,Palearctic,CR,0
Spermophilus_taurensis,1001783,21,Tauren Ground Squirrel,Xerinae,Marmotini,Spermophilus,Spermophilus,taurensis,"Gündüz, Jaarola, Tez, Yeniyurt, Polly, & Searle",2007,0,Spermophilus taurensis,Turkey,Asia,Palearctic,LC,0
Spermophilus_vorontsovi,1006842,21,Vorontsov's Ground Squirrel,Xerinae,Marmotini,Spermophilus,Colobotis,vorontsovi,"Ermakov, Simonov, & Lopatina in Simonov, Lopatina, Titov, A. D. Ivanova, Brandler, Surin, Matrosova, Dvilis, Oreshkova, S. Yu. Kapustina, Golenishchev, & Ermakov",2024,0,Spermophilus vorontsovi,Russia,Asia,Palearctic,NE,0
Spermophilus_xanthoprymnus,1001784,21,Asia Minor Ground Squirrel,Xerinae,Marmotini,Spermophilus,Spermophilus,xanthoprymnus,E. T. Bennett,1835,1,Citillus Xanthoprymna,Armenia|Iran|Turkey,Asia,Palearctic,NT,0
Urocitellus_armatus,1001786,21,Uinta Ground Squirrel,Xerinae,Marmotini,Urocitellus,NA,armatus,Kennicott,1863,1,Spermophilus armatus,United States,North America,Nearctic,LC,0
Urocitellus_beldingi,1001787,21,Belding's Ground Squirrel,Xerinae,Marmotini,Urocitellus,NA,beldingi,C. H. Merriam,1888,1,Spermophilus beldingi,United States,North America,Nearctic,LC,0
Urocitellus_brunneus,1001788,21,Idaho Ground Squirrel,Xerinae,Marmotini,Urocitellus,NA,brunneus,A. H. Howell,1928,1,Citellus townsendii brunneus,United States,North America,Nearctic,EN,0
Urocitellus_canus,1001789,21,Merriam's Ground Squirrel,Xerinae,Marmotini,Urocitellus,NA,canus,C. H. Merriam,1898,1,Spermophilus mollis canus,United States,North America,Nearctic,LC,0
Urocitellus_columbianus,1001790,21,Columbian Ground Squirrel,Xerinae,Marmotini,Urocitellus,NA,columbianus,Ord,1815,1,Arctomys Columbianus,Canada|United States,North America,Nearctic,LC,0
Urocitellus_elegans,1001791,21,Wyoming Ground Squirrel,Xerinae,Marmotini,Urocitellus,NA,elegans,Kennicott,1863,1,Spermophilus elegans,United States,North America,Nearctic,LC,0
Urocitellus_idahoensis,1006909,21,Snake River Plains Ground Squirrel,Xerinae,Marmotini,Urocitellus,NA,idahoensis,C. H. Merriam,1913,1,Citellus idahoensis,United States,North America,Nearctic,NE,0
Urocitellus_mollis,1001792,21,Piute Ground Squirrel,Xerinae,Marmotini,Urocitellus,NA,mollis,Kennicott,1863,1,Spermophilus mollis,United States,North America,Nearctic,LC,0
Urocitellus_parryii,1001793,21,Arctic Ground Squirrel,Xerinae,Marmotini,Urocitellus,NA,parryii,J. Richardson,1825,1,Arctomys Parryii,Canada|Russia|United States,Asia|North America,Nearctic|Palearctic,LC,0
Urocitellus_richardsonii,1001794,21,Richardson's Ground Squirrel,Xerinae,Marmotini,Urocitellus,NA,richardsonii,Sabine,1822,1,Arctomys Richardsonii,Canada|United States,North America,Nearctic,LC,0
Urocitellus_townsendii,1001795,21,Townsend's Ground Squirrel,Xerinae,Marmotini,Urocitellus,NA,townsendii,Bachman,1839,1,Spermophilus Townsendii,United States,North America,Nearctic,VU,0
Urocitellus_undulatus,1001796,21,Long-tailed Ground Squirrel,Xerinae,Marmotini,Urocitellus,NA,undulatus,Pallas,1779,1,Mus citillus undulata,China|Kazakhstan|Mongolia|Russia,Asia,Palearctic,LC,0
Urocitellus_washingtoni,1001797,21,Washington Ground Squirrel,Xerinae,Marmotini,Urocitellus,NA,washingtoni,A. H. Howell,1938,1,Citellus washingtoni,United States,North America,Nearctic,NT,0
Xerospermophilus_mohavensis,1001798,21,Mohave Ground Squirrel,Xerinae,Marmotini,Xerospermophilus,NA,mohavensis,C. H. Merriam,1889,1,Spermophilus mohavensis,United States,North America,Nearctic,NT,0
Xerospermophilus_perotensis,1001799,21,Perote Ground Squirrel,Xerinae,Marmotini,Xerospermophilus,NA,perotensis,C. H. Merriam,1893,1,Spermophilus perotensis,Mexico,North America,Nearctic,EN,0
Xerospermophilus_spilosoma,1001800,21,Spotted Ground Squirrel,Xerinae,Marmotini,Xerospermophilus,NA,spilosoma,E. T. Bennett,1833,1,Spermophilus spilosoma,Mexico|United States,North America,Nearctic,LC,0
Xerospermophilus_tereticaudus,1001801,21,Round-tailed Ground Squirrel,Xerinae,Marmotini,Xerospermophilus,NA,tereticaudus,S. F. Baird,1857,1,Spermophilus tereticaudus,Mexico|United States,North America,Nearctic,LC,0
Epixerus_ebii,1001802,21,African Palm Squirrel,Xerinae,Protoxerini,Epixerus,NA,ebii,Temminck,1853,1,Sciurus ebii,Cameroon|Cote d'Ivoire|Democratic Republic of the Congo|Equatorial Guinea|Gabon|Ghana|Guinea|Liberia|Republic of the Congo|Sierra Leone,Africa,Afrotropic,LC,0
Funisciurus_anerythrus,1001803,21,Thomas's Rope Squirrel,Xerinae,Protoxerini,Funisciurus,NA,anerythrus,O. Thomas,1890,1,Sciurus pyrrhopus anerythrus,Angola|Benin|Cameroon|Central African Republic|Chad|Democratic Republic of the Congo|Equatorial Guinea|Gabon|Nigeria|Republic of the Congo,Africa,Afrotropic,LC,0
Funisciurus_bayonii,1001804,21,Lunda Rope Squirrel,Xerinae,Protoxerini,Funisciurus,NA,bayonii,du Bocage,1890,1,Sciurus Bayonii,Angola|Democratic Republic of the Congo,Africa,Afrotropic,DD,0
Funisciurus_carruthersi,1001805,21,Carruther's Mountain Squirrel,Xerinae,Protoxerini,Funisciurus,NA,carruthersi,O. Thomas,1906,0,Funisciurus Carruthersi,Burundi|Democratic Republic of the Congo|Rwanda|Uganda,Africa,Afrotropic,LC,0
Funisciurus_congicus,1001806,21,Congo Rope Squirrel,Xerinae,Protoxerini,Funisciurus,NA,congicus,Kuhl,1820,1,Sciurus congicus,Angola|Democratic Republic of the Congo|Namibia,Africa,Afrotropic,LC,0
Funisciurus_duchaillui,1001807,21,Du Chaillu's Rope Squirrel,Xerinae,Protoxerini,Funisciurus,NA,duchaillui,Sanborn,1953,0,Funisciurus duchaillui,Gabon,Africa,Afrotropic,DD,0
Funisciurus_isabella,1001808,21,Lady Burton's Rope Squirrel,Xerinae,Protoxerini,Funisciurus,NA,isabella,J. E. Gray,1862,1,Sciurus isabella,Cameroon|Central African Republic|Equatorial Guinea|Gabon|Republic of the Congo,Africa,Afrotropic,LC,0
Funisciurus_lemniscatus,1001809,21,Ribboned Rope Squirrel,Xerinae,Protoxerini,Funisciurus,NA,lemniscatus,Le Conte,1857,1,Sciurus lemniscatus,Angola|Cameroon|Democratic Republic of the Congo|Equatorial Guinea|Gabon|Republic of the Congo,Africa,Afrotropic,LC,0
Funisciurus_leucogenys,1001810,21,Red-cheeked Rope Squirrel,Xerinae,Protoxerini,Funisciurus,NA,leucogenys,G. R. Waterhouse,1842,1,Sciurus leucogenys,Benin|Cameroon|Central African Republic|Equatorial Guinea|Ghana|Nigeria|Togo,Africa,Afrotropic,LC,0
Funisciurus_pyrropus,1001811,21,Fire-footed Rope Squirrel,Xerinae,Protoxerini,Funisciurus,NA,pyrropus,F. Cuvier in É. Geoffroy Saint-Hilaire & F. Cuvier,1833,1,Pyrropus,Angola|Burkina Faso|Cameroon|Central African Republic|Cote d'Ivoire|Democratic Republic of the Congo|Equatorial Guinea|Gabon|Gambia|Ghana|Guinea|Guinea-Bissau|Liberia|Nigeria|Republic of the Congo|Rwanda|Senegal|Sierra Leone|Uganda|Burundi?,Africa,Afrotropic,LC,0
Funisciurus_substriatus,1001812,21,Kintampo Rope Squirrel,Xerinae,Protoxerini,Funisciurus,NA,substriatus,de Winton,1899,0,Funisciurus substriatus,Benin|Burkina Faso|Ghana|Niger|Togo|Nigeria?,Africa,Afrotropic,DD,0
Heliosciurus_gambianus,1001813,21,Gambian Sun Squirrel,Xerinae,Protoxerini,Heliosciurus,NA,gambianus,W. Ogilby,1835,1,Sciurus Gambianus,Angola|Benin|Burkina Faso|Cameroon|Central African Republic|Chad|Cote d'Ivoire|Democratic Republic of the Congo|Eritrea|Ethiopia|Gambia|Ghana|Guinea|Guinea-Bissau|Kenya|Liberia|Mali|Nigeria|Senegal|Sierra Leone|South Sudan|Sudan|Tanzania|Togo|Uganda|Zambia,Africa,Afrotropic,LC,0
Heliosciurus_mutabilis,1001814,21,Mutable Sun Squirrel,Xerinae,Protoxerini,Heliosciurus,NA,mutabilis,W. C. H. Peters,1852,1,Sciurus mutabilis,Malawi|Mozambique|Tanzania|Zambia|Zimbabwe,Africa,Afrotropic,LC,0
Heliosciurus_punctatus,1001815,21,Small Sun Squirrel,Xerinae,Protoxerini,Heliosciurus,NA,punctatus,Temminck,1853,1,Sciurus punctatus,Cote d'Ivoire|Ghana|Guinea|Liberia|Sierra Leone,Africa,Afrotropic,DD,0
Heliosciurus_rufobrachium,1001816,21,Red-legged Sun Squirrel,Xerinae,Protoxerini,Heliosciurus,NA,rufobrachium,G. R. Waterhouse,1842,1,Sciurus rufo-brachium,Benin|Burundi|Cameroon|Central African Republic|Cote d'Ivoire|Democratic Republic of the Congo|Equatorial Guinea|Gabon|Gambia|Ghana|Guinea|Guinea-Bissau|Kenya|Liberia|Nigeria|Republic of the Congo|Rwanda|Senegal|Sierra Leone|Tanzania|Togo|Uganda,Africa,Afrotropic,LC,0
Heliosciurus_ruwenzorii,1001817,21,Ruwenzori Sun Squirrel,Xerinae,Protoxerini,Heliosciurus,NA,ruwenzorii,Schwann,1904,1,Sciurus rufobrachiatus ruwenzorii,Burundi|Democratic Republic of the Congo|Rwanda|Uganda,Africa,Afrotropic,LC,0
Heliosciurus_undulatus,1001818,21,Zanj Sun Squirrel,Xerinae,Protoxerini,Heliosciurus,NA,undulatus,F. W. True,1892,1,Sciurus undulatus,Kenya|Tanzania,Africa,Afrotropic,DD,0
Myosciurus_pumilio,1001819,21,African Pygmy Squirrel,Xerinae,Protoxerini,Myosciurus,NA,pumilio,Le Conte,1857,1,Sciurus pumilio,Cameroon|Equatorial Guinea|Gabon|Republic of the Congo,Africa,Afrotropic,LC,0
Paraxerus_alexandri,1001820,21,Alexander's Bush Squirrel,Xerinae,Protoxerini,Paraxerus,NA,alexandri,O. Thomas & Wroughton,1907,1,Funisciurus Alexandri,Democratic Republic of the Congo|Uganda,Africa,Afrotropic,LC,0
Paraxerus_boehmi,1001821,21,Boehm's Bush Squirrel,Xerinae,Protoxerini,Paraxerus,NA,boehmi,A. Reichenow,1886,1,Sciurus Boehmi,Burundi|Democratic Republic of the Congo|Rwanda|South Sudan|Tanzania|Uganda|Zambia,Africa,Afrotropic,LC,0
Paraxerus_cepapi,1001822,21,Smith's Bush Squirrel,Xerinae,Protoxerini,Paraxerus,NA,cepapi,A. Smith,1836,1,Sciurus Cepapi,Angola|Botswana|Democratic Republic of the Congo|Malawi|Mozambique|Namibia|South Africa|Tanzania|Zambia|Zimbabwe,Africa,Afrotropic,LC,0
Paraxerus_cooperi,1001823,21,Cooper's Mountain Squirrel,Xerinae,Protoxerini,Paraxerus,NA,cooperi,Hayman,1950,1,Heliosciurus (Aethosciurus) cooperi,Cameroon|Nigeria,Africa,Afrotropic,DD,0
Paraxerus_flavovittis,1001824,21,Striped Bush Squirrel,Xerinae,Protoxerini,Paraxerus,NA,flavovittis,W. C. H. Peters,1852,1,Sciurus flavovittis,Kenya|Malawi|Mozambique|Tanzania,Africa,Afrotropic,LC,0
Paraxerus_lucifer,1001825,21,Black-and-red Bush Squirrel,Xerinae,Protoxerini,Paraxerus,NA,lucifer,O. Thomas,1897,1,Xerus (Paraxerus) lucifer,Malawi|Tanzania|Zambia?,Africa,Afrotropic,DD,0
Paraxerus_ochraceus,1001826,21,Ochre Bush Squirrel,Xerinae,Protoxerini,Paraxerus,NA,ochraceus,Huet,1880,1,Sciurus ochraceus,Kenya|Tanzania,Africa,Afrotropic,LC,0
Paraxerus_palliatus,1001827,21,Red Bush Squirrel,Xerinae,Protoxerini,Paraxerus,NA,palliatus,W. C. H. Peters,1852,1,Sciurus palliatus,Kenya|Malawi|Mozambique|Somalia|South Africa|Tanzania|Zimbabwe,Africa,Afrotropic,LC,0
Paraxerus_poensis,1001828,21,Green Bush Squirrel,Xerinae,Protoxerini,Paraxerus,NA,poensis,A. Smith,1834,1,Sciurus poensis,Angola|Cameroon|Central African Republic|Cote d'Ivoire|Democratic Republic of the Congo|Equatorial Guinea|Gabon|Ghana|Guinea|Liberia|Nigeria|Republic of the Congo|Sierra Leone,Africa,Afrotropic,LC,0
Paraxerus_vexillarius,1001829,21,Swynnerton's Bush Squirrel,Xerinae,Protoxerini,Paraxerus,NA,vexillarius,P. S. Kershaw,1923,1,Funisciurus vexillarius,Tanzania,Africa,Afrotropic,LC,0
Paraxerus_vincenti,1001830,21,Vincent's Bush Squirrel,Xerinae,Protoxerini,Paraxerus,NA,vincenti,Hayman,1950,0,Paraxerus vincenti,Mozambique,Africa,Afrotropic,EN,0
Protoxerus_aubinnii,1001831,21,Slender-tailed Squirrel,Xerinae,Protoxerini,Protoxerus,Allosciurus,aubinnii,J. E. Gray,1873,1,Macroxus Aubinnii,Cote d'Ivoire|Ghana|Guinea|Liberia|Sierra Leone,Africa,Afrotropic,NT,0
Protoxerus_stangeri,1001832,21,Forest Giant Squirrel,Xerinae,Protoxerini,Protoxerus,Protoxerus,stangeri,G. R. Waterhouse,1842,1,Sciurus Stangeri,Angola|Benin|Cameroon|Central African Republic|Cote d'Ivoire|Democratic Republic of the Congo|Equatorial Guinea|Gabon|Ghana|Guinea|Kenya|Liberia|Nigeria|Republic of the Congo|Sierra Leone|South Sudan|Togo|Uganda,Africa,Afrotropic,LC,0
Sciurotamias_davidianus,1001768,21,Pere David's Rock Squirrel,Xerinae,Sciurotamiini,Sciurotamias,Sciurotamias,davidianus,A. Milne-Edwards,1867,1,Sciurus Davidianus,China,Asia,Palearctic,LC,0
Sciurotamias_forresti,1001769,21,Forrest's Rock Squirrel,Xerinae,Sciurotamiini,Sciurotamias,Rupestes,forresti,O. Thomas,1922,1,Rupestes forresti,China|Laos?|Myanmar?|Vietnam?,Asia,Palearctic|Indomalaya?,LC,0
Eutamias_sibiricus,1001719,21,Siberian Chipmunk,Xerinae,Tamiini,Eutamias,NA,sibiricus,Laxmann,1769,1,Sciurus Sibiricus,China|Japan|Kazakhstan|Mongolia|North Korea|Russia|South Korea,Asia|Europe,Palearctic,LC,0
Neotamias_alpinus,1001738,21,Alpine Chipmunk,Xerinae,Tamiini,Neotamias,NA,alpinus,C. H. Merriam,1893,1,Tamias alpinus,United States,North America,Nearctic,LC,0
Neotamias_amoenus,1001739,21,Yellow-pine Chipmunk,Xerinae,Tamiini,Neotamias,NA,amoenus,J. A. Allen,1890,1,Tamias amoenus,Canada|United States,North America,Nearctic,LC,0
Neotamias_bulleri,1001740,21,Buller's Chipmunk,Xerinae,Tamiini,Neotamias,NA,bulleri,J. A. Allen,1889,1,Tamias asiaticus bulleri,Mexico,North America,Nearctic,VU,0
Neotamias_canipes,1001741,21,Gray-footed Chipmunk,Xerinae,Tamiini,Neotamias,NA,canipes,V. O. Bailey,1902,1,Eutamias cinereicollis canipes,United States,North America,Nearctic,LC,0
Neotamias_cinereicollis,1001742,21,Gray-collared Chipmunk,Xerinae,Tamiini,Neotamias,NA,cinereicollis,J. A. Allen,1890,1,Tamias cinereicollis,United States,North America,Nearctic,LC,0
Neotamias_cratericus,1006650,21,Crater Chipmunk,Xerinae,Tamiini,Neotamias,NA,cratericus,Blossom,1937,1,Eutamias amoenus cratericus,United States,North America,Nearctic,NE,0
Neotamias_dorsalis,1001743,21,Cliff Chipmunk,Xerinae,Tamiini,Neotamias,NA,dorsalis,S. F. Baird,1855,1,Tamias dorsalis,Mexico|United States,North America,Nearctic,LC,0
Neotamias_durangae,1001744,21,Durango Chipmunk,Xerinae,Tamiini,Neotamias,NA,durangae,J. A. Allen,1903,1,Eutamias durangae,Mexico,North America,Nearctic,LC,0
Neotamias_grisescens,1006651,21,Coulee Chipmunk,Xerinae,Tamiini,Neotamias,NA,grisescens,A. H. Howell,1925,1,Eutamias minimus grisescens,United States,North America,Nearctic,NE,0
Neotamias_merriami,1001745,21,Merriam's Chipmunk,Xerinae,Tamiini,Neotamias,NA,merriami,J. A. Allen,1889,1,Tamias asiaticus merriami,Mexico|United States,North America,Nearctic,LC,0
Neotamias_minimus,1001746,21,Least Chipmunk,Xerinae,Tamiini,Neotamias,NA,minimus,Bachman,1839,1,Tamias minimus,Canada|United States,North America,Nearctic,LC,0
Neotamias_obscurus,1001747,21,California Chipmunk,Xerinae,Tamiini,Neotamias,NA,obscurus,J. A. Allen,1890,1,Tamias obscurus,Mexico|United States,North America,Nearctic,LC,0
Neotamias_ochrogenys,1001748,21,Yellow-cheeked Chipmunk,Xerinae,Tamiini,Neotamias,NA,ochrogenys,C. H. Merriam,1897,1,Eutamias townsendi ochrogenys,United States,North America,Nearctic,LC,0
Neotamias_palmeri,1001749,21,Palmer's Chipmunk,Xerinae,Tamiini,Neotamias,NA,palmeri,C. H. Merriam,1897,1,Eutamias palmeri,United States,North America,Nearctic,EN,0
Neotamias_panamintinus,1001750,21,Panamint Chipmunk,Xerinae,Tamiini,Neotamias,NA,panamintinus,C. H. Merriam,1893,1,Tamias panamintinus,United States,North America,Nearctic,LC,0
Neotamias_quadrimaculatus,1001751,21,Long-eared Chipmunk,Xerinae,Tamiini,Neotamias,NA,quadrimaculatus,J. E. Gray,1867,1,Tamias quadrimaculatus,United States,North America,Nearctic,LC,0
Neotamias_quadrivittatus,1001752,21,Colorado Chipmunk,Xerinae,Tamiini,Neotamias,NA,quadrivittatus,Say in James,1823,1,Sciurus quadrivittatus,United States,North America,Nearctic,LC,0
Neotamias_ruficaudus,1001753,21,Red-tailed Chipmunk,Xerinae,Tamiini,Neotamias,NA,ruficaudus,A. H. Howell,1920,1,Eutamias ruficaudus,Canada|United States,North America,Nearctic,LC,0
Neotamias_rufus,1001754,21,Hopi Chipmunk,Xerinae,Tamiini,Neotamias,NA,rufus,Hoffmeister & L. S. Ellis,1979,1,Eutamias quadrivittatus rufus,United States,North America,Nearctic,LC,0
Neotamias_senex,1001755,21,Shadow Chipmunk,Xerinae,Tamiini,Neotamias,NA,senex,J. A. Allen,1890,1,Tamias senex,United States,North America,Nearctic,LC,0
Neotamias_siskiyou,1001756,21,Siskiyou Chipmunk,Xerinae,Tamiini,Neotamias,NA,siskiyou,A. H. Howell,1922,1,Eutamias townsendii siskiyou,United States,North America,Nearctic,LC,0
Neotamias_solivagus,1001757,21,Coahuila Chipmunk,Xerinae,Tamiini,Neotamias,NA,solivagus,A. H. Howell,1922,1,Eutamias bulleri solivagus,Mexico,North America,Nearctic,NE,0
Neotamias_sonomae,1001758,21,Sonoma Chipmunk,Xerinae,Tamiini,Neotamias,NA,sonomae,J. Grinnell,1915,1,Eutamias sonomae,United States,North America,Nearctic,LC,0
Neotamias_speciosus,1001759,21,Lodgepole Chipmunk,Xerinae,Tamiini,Neotamias,NA,speciosus,C. H. Merriam in J. A. Allen,1890,1,Tamias speciosus,United States,North America,Nearctic,LC,0
Neotamias_townsendii,1001760,21,Townsend's Chipmunk,Xerinae,Tamiini,Neotamias,NA,townsendii,Bachman,1839,1,Tamias Townsendii,Canada|United States,North America,Nearctic,LC,0
Neotamias_umbrinus,1001761,21,Uinta Chipmunk,Xerinae,Tamiini,Neotamias,NA,umbrinus,J. A. Allen,1890,1,Tamias umbrinus,United States,North America,Nearctic,LC,0
Tamias_striatus,1001785,21,Eastern Chipmunk,Xerinae,Tamiini,Tamias,NA,striatus,Linnaeus,1758,1,Sciurus striatus,Canada|United States,North America,Nearctic,LC,0
Spermophilopsis_leptodactyla,1001837,21,Long-clawed Ground Squirrel,Xerinae,Xerini,Spermophilopsis,NA,leptodactyla,H. Lichtenstein,1823,1,Arctomys leptodactylus,Afghanistan|Iran|Kazakhstan|Tajikistan|Turkmenistan|Uzbekistan,Asia,Palearctic,LC (as Spermophilopsis leptodactylus),0
Atlantoxerus_getulus,1001833,21,Barbary Ground Squirrel,Xerinae,Xerini,Atlantoxerus,NA,getulus,Linnaeus,1758,1,Sciurus getulus,Algeria|Morocco,Africa,Palearctic,LC,0
Euxerus_erythropus,1001834,21,Striped Ground Squirrel,Xerinae,Xerini,Euxerus,NA,erythropus,É. Geoffroy Saint-Hilaire,1803,1,Sciurus erythopus,Benin|Burkina Faso|Cameroon|Central African Republic|Chad|Cote d'Ivoire|Democratic Republic of the Congo|Eritrea|Ethiopia|Gambia|Ghana|Guinea|Guinea-Bissau|Kenya|Liberia|Mali|Mauritania|Morocco|Niger|Nigeria|Senegal|Sierra Leone|South Sudan|Sudan|Togo|Uganda,Africa,Afrotropic|Palearctic,LC,0
Geosciurus_inauris,1001835,21,South African Ground Squirrel,Xerinae,Xerini,Geosciurus,NA,inauris,E. A. W. von Zimmermann,1780,1,Sciurus (inauris),Botswana|Lesotho|Namibia|South Africa,Africa,Afrotropic,LC,0
Geosciurus_princeps,1001836,21,Damara Ground Squirrel,Xerinae,Xerini,Geosciurus,NA,princeps,O. Thomas,1929,0,Geosciurus princeps,Angola|Namibia,Africa,Afrotropic,LC,0
Xerus_rutilus,1001838,21,Unstriped Ground Squirrel,Xerinae,Xerini,Xerus,NA,rutilus,Cretzschmar,1828,1,Sciurus rutilus,Djibouti|Eritrea|Ethiopia|Kenya|Somalia|South Sudan|Sudan|Tanzania|Uganda,Africa,Afrotropic,LC,0
