tip_label,upham_binomial,mdd_v2_5_species,mdd_v2_5_genus,mapping_note
Ratufa_bicolor_SCIURIDAE_RODENTIA,Ratufa_bicolor,Ratufa_bicolor,Ratufa,
Ratufa_affinis_SCIURIDAE_RODENTIA,Ratufa_affinis,Ratufa_affinis,Ratufa,
Ratufa_macroura_SCIURIDAE_RODENTIA,Ratufa_macroura,Ratufa_macroura,Ratufa,
Sciurillus_pusillus_SCIURIDAE_RODENTIA,Sciurillus_pusillus,Sciurillus_pusillus,Sciurillus,
Protoxerus_stangeri_SCIURIDAE_RODENTIA,Protoxerus_stangeri,Protoxerus_stangeri,Protoxerus,
Epixerus_ebii_SCIURIDAE_RODENTIA,Epixerus_ebii,Epixerus_ebii,Epixerus,
Funisciurus_carruthersi_SCIURIDAE_RODENTIA,Funisciurus_carruthersi,Funisciurus_carruthersi,Funisciurus,
Funisciurus_pyrropus_SCIURIDAE_RODENTIA,Funisciurus_pyrropus,Funisciurus_pyrropus,Funisciurus,
Paraxerus_ochraceus_SCIURIDAE_RODENTIA,Paraxerus_ochraceus,Paraxerus_ochraceus,Paraxerus,
Paraxerus_cepapi_SCIURIDAE_RODENTIA,Paraxerus_cepapi,Paraxerus_cepapi,Paraxerus,
Paraxerus_vexillarius_SCIURIDAE_RODENTIA,Paraxerus_vexillarius,Paraxerus_vexillarius,Paraxerus,
Paraxerus_alexandri_SCIURIDAE_RODENTIA,Paraxerus_alexandri,Paraxerus_alexandri,Paraxerus,
Heliosciurus_undulatus_SCIURIDAE_RODENTIA,Heliosciurus_undulatus,Heliosciurus_undulatus,Heliosciurus,
Heliosciurus_ruwenzorii_SCIURIDAE_RODENTIA,Heliosciurus_ruwenzorii,Heliosciurus_ruwenzorii,Heliosciurus,
Myosciurus_pumilio_SCIURIDAE_RODENTIA,Myosciurus_pumilio,Myosciurus_pumilio,Myosciurus,
Tamias_alpinus_SCIURIDAE_RODENTIA,Tamias_alpinus,Neotamias_alpinus,Neotamias,moved from Tamias to Neotamias (Patterson & Norris 2016)
Tamias_panamintinus_SCIURIDAE_RODENTIA,Tamias_panamintinus,Neotamias_panamintinus,Neotamias,moved from Tamias to Neotamias (Patterson & Norris 2016)
Tamias_minimus_SCIURIDAE_RODENTIA,Tamias_minimus,Neotamias_minimus,Neotamias,moved from Tamias to Neotamias (Patterson & Norris 2016)
Tamias_speciosus_SCIURIDAE_RODENTIA,Tamias_speciosus,Neotamias_speciosus,Neotamias,moved from Tamias to Neotamias (Patterson & Norris 2016)
Tamias_quadrimaculatus_SCIURIDAE_RODENTIA,Tamias_quadrimaculatus,Neotamias_quadrimaculatus,Neotamias,moved from Tamias to Neotamias (Patterson & Norris 2016)
Tamias_ruficaudus_SCIURIDAE_RODENTIA,Tamias_ruficaudus,Neotamias_ruficaudus,Neotamias,moved from Tamias to Neotamias (Patterson & Norris 2016)
Tamias_rufus_SCIURIDAE_RODENTIA,Tamias_rufus,Neotamias_rufus,Neotamias,moved from Tamias to Neotamias (Patterson & Norris 2016)
Tamias_umbrinus_SCIURIDAE_RODENTIA,Tamias_umbrinus,Neotamias_umbrinus,Neotamias,moved from Tamias to Neotamias (Patterson & Norris 2016)
Tamias_quadrivittatus_SCIURIDAE_RODENTIA,Tamias_quadrivittatus,Neotamias_quadrivittatus,Neotamias,moved from Tamias to Neotamias (Patterson & Norris 2016)
Tamias_cinereicollis_SCIURIDAE_RODENTIA,Tamias_cinereicollis,Neotamias_cinereicollis,Neotamias,moved from Tamias to Neotamias (Patterson & Norris 2016)
Tamias_dorsalis_SCIURIDAE_RODENTIA,Tamias_dorsalis,Neotamias_dorsalis,Neotamias,moved from Tamias to Neotamias (Patterson & Norris 2016)
Tamias_palmeri_SCIURIDAE_RODENTIA,Tamias_palmeri,Neotamias_palmeri,Neotamias,moved from Tamias to Neotamias (Patterson & Norris 2016)
Tamias_bulleri_SCIURIDAE_RODENTIA,Tamias_bulleri,Neotamias_bulleri,Neotamias,moved from Tamias to Neotamias (Patterson & Norris 2016)
Tamias_canipes_SCIURIDAE_RODENTIA,Tamias_canipes,Neotamias_canipes,Neotamias,moved from Tamias to Neotamias (Patterson & Norris 2016)
Tamias_durangae_SCIURIDAE_RODENTIA,Tamias_durangae,Neotamias_durangae,Neotamias,moved from Tamias to Neotamias (Patterson & Norris 2016)
Tamias_merriami_SCIURIDAE_RODENTIA,Tamias_merriami,Neotamias_merriami,Neotamias,moved from Tamias to Neotamias (Patterson & Norris 2016)
Tamias_obscurus_SCIURIDAE_RODENTIA,Tamias_obscurus,Neotamias_obscurus,Neotamias,moved from Tamias to Neotamias (Patterson & Norris 2016)
Tamias_siskiyou_SCIURIDAE_RODENTIA,Tamias_siskiyou,Neotamias_siskiyou,Neotamias,moved from Tamias to Neotamias (Patterson & Norris 2016)
Tamias_senex_SCIURIDAE_RODENTIA,Tamias_senex,Neotamias_senex,Neotamias,moved from Tamias to Neotamias (Patterson & Norris 2016)
Tamias_sonomae_SCIURIDAE_RODENTIA,Tamias_sonomae,Neotamias_sonomae,Neotamias,moved from Tamias to Neotamias (Patterson & Norris 2016)
Tamias_townsendii_SCIURIDAE_RODENTIA,Tamias_townsendii,Neotamias_townsendii,Neotamias,moved from Tamias to Neotamias (Patterson & Norris 2016)
Tamias_ochrogenys_SCIURIDAE_RODENTIA,Tamias_ochrogenys,Neotamias_ochrogenys,Neotamias,moved from Tamias to Neotamias (Patterson & Norris 2016)
Tamias_amoenus_SCIURIDAE_RODENTIA,Tamias_amoenus,Neotamias_amoenus,Neotamias,moved from Tamias to Neotamias (Patterson & Norris 2016)
Tamias_striatus_SCIURIDAE_RODENTIA,Tamias_striatus,Tamias_striatus,Tamias,
Tamias_sibiricus_SCIURIDAE_RODENTIA,Tamias_sibiricus,Eutamias_sibiricus,Eutamias,moved from Tamias to Eutamias (Patterson & Norris 2016)
Marmota_marmota_SCIURIDAE_RODENTIA,Marmota_marmota,Marmota_marmota,Marmota,
Marmota_caudata_SCIURIDAE_RODENTIA,Marmota_caudata,Marmota_caudata,Marmota,
Marmota_menzbieri_SCIURIDAE_RODENTIA,Marmota_menzbieri,Marmota_menzbieri,Marmota,
Marmota_broweri_SCIURIDAE_RODENTIA,Marmota_broweri,Marmota_broweri,Marmota,
Marmota_sibirica_SCIURIDAE_RODENTIA,Marmota_sibirica,Marmota_sibirica,Marmota,
Marmota_camtschatica_SCIURIDAE_RODENTIA,Marmota_camtschatica,Marmota_camtschatica,Marmota,
Marmota_himalayana_SCIURIDAE_RODENTIA,Marmota_himalayana,Marmota_himalayana,Marmota,
Marmota_baibacina_SCIURIDAE_RODENTIA,Marmota_baibacina,Marmota_baibacina,Marmota,
Marmota_monax_SCIURIDAE_RODENTIA,Marmota_monax,Marmota_monax,Marmota,
Marmota_bobak_SCIURIDAE_RODENTIA,Marmota_bobak,Marmota_bobak,Marmota,
Marmota_olympus_SCIURIDAE_RODENTIA,Marmota_olympus,Marmota_olympus,Marmota,
Marmota_caligata_SCIURIDAE_RODENTIA,Marmota_caligata,Marmota_caligata,Marmota,
Marmota_vancouverensis_SCIURIDAE_RODENTIA,Marmota_vancouverensis,Marmota_vancouverensis,Marmota,
Marmota_flaviventris_SCIURIDAE_RODENTIA,Marmota_flaviventris,Marmota_flaviventris,Marmota,
Spermophilus_pygmaeus_SCIURIDAE_RODENTIA,Spermophilus_pygmaeus,Spermophilus_pygmaeus,Spermophilus,
Spermophilus_dauricus_SCIURIDAE_RODENTIA,Spermophilus_dauricus,Spermophilus_dauricus,Spermophilus,
Spermophilus_relictus_SCIURIDAE_RODENTIA,Spermophilus_relictus,Spermophilus_relictus,Spermophilus,
Spermophilus_erythrogenys_SCIURIDAE_RODENTIA,Spermophilus_erythrogenys,Spermophilus_erythrogenys,Spermophilus,
Spermophilus_major_SCIURIDAE_RODENTIA,Spermophilus_major,Spermophilus_major,Spermophilus,
Spermophilus_fulvus_SCIURIDAE_RODENTIA,Spermophilus_fulvus,Spermophilus_fulvus,Spermophilus,
Spermophilus_alashanicus_SCIURIDAE_RODENTIA,Spermophilus_alashanicus,Spermophilus_alaschanicus,Spermophilus,original spelling restored
Spermophilus_pallidicauda_SCIURIDAE_RODENTIA,Spermophilus_pallidicauda,Spermophilus_pallidicauda,Spermophilus,
Spermophilus_suslicus_SCIURIDAE_RODENTIA,Spermophilus_suslicus,Spermophilus_suslicus,Spermophilus,
Spermophilus_xanthoprymnus_SCIURIDAE_RODENTIA,Spermophilus_xanthoprymnus,Spermophilus_xanthoprymnus,Spermophilus,
Spermophilus_taurensis_SCIURIDAE_RODENTIA,Spermophilus_taurensis,Spermophilus_taurensis,Spermophilus,
Spermophilus_citellus_SCIURIDAE_RODENTIA,Spermophilus_citellus,Spermophilus_citellus,Spermophilus,
Xerospermophilus_perotensis_SCIURIDAE_RODENTIA,Xerospermophilus_perotensis,Xerospermophilus_perotensis,Xerospermophilus,
Xerospermophilus_spilosoma_SCIURIDAE_RODENTIA,Xerospermophilus_spilosoma,Xerospermophilus_spilosoma,Xerospermophilus,
Xerospermophilus_mohavensis_SCIURIDAE_RODENTIA,Xerospermophilus_mohavensis,Xerospermophilus_mohavensis,Xerospermophilus,
Xerospermophilus_tereticaudus_SCIURIDAE_RODENTIA,Xerospermophilus_tereticaudus,Xerospermophilus_tereticaudus,Xerospermophilus,
Cynomys_parvidens_SCIURIDAE_RODENTIA,Cynomys_parvidens,Cynomys_parvidens,Cynomys,
Cynomys_gunnisoni_SCIURIDAE_RODENTIA,Cynomys_gunnisoni,Cynomys_gunnisoni,Cynomys,
Cynomys_leucurus_SCIURIDAE_RODENTIA,Cynomys_leucurus,Cynomys_leucurus,Cynomys,
Cynomys_ludovicianus_SCIURIDAE_RODENTIA,Cynomys_ludovicianus,Cynomys_ludovicianus,Cynomys,
Cynomys_mexicanus_SCIURIDAE_RODENTIA,Cynomys_mexicanus,Cynomys_mexicanus,Cynomys,
Poliocitellus_franklinii_SCIURIDAE_RODENTIA,Poliocitellus_franklinii,Poliocitellus_franklinii,Poliocitellus,
Ictidomys_tridecemlineatus_SCIURIDAE_RODENTIA,Ictidomys_tridecemlineatus,Ictidomys_tridecemlineatus,Ictidomys,
Ictidomys_parvidens_SCIURIDAE_RODENTIA,Ictidomys_parvidens,Ictidomys_parvidens,Ictidomys,
Ictidomys_mexicanus_SCIURIDAE_RODENTIA,Ictidomys_mexicanus,Ictidomys_mexicanus,Ictidomys,
Urocitellus_beldingi_SCIURIDAE_RODENTIA,Urocitellus_beldingi,Urocitellus_beldingi,Urocitellus,
Urocitellus_armatus_SCIURIDAE_RODENTIA,Urocitellus_armatus,Urocitellus_armatus,Urocitellus,
Urocitellus_townsendii_SCIURIDAE_RODENTIA,Urocitellus_townsendii,Urocitellus_townsendii,Urocitellus,
Urocitellus_washingtoni_SCIURIDAE_RODENTIA,Urocitellus_washingtoni,Urocitellus_washingtoni,Urocitellus,
Urocitellus_canus_SCIURIDAE_RODENTIA,Urocitellus_canus,Urocitellus_canus,Urocitellus,
Urocitellus_mollis_SCIURIDAE_RODENTIA,Urocitellus_mollis,Urocitellus_mollis,Urocitellus,
Urocitellus_brunneus_SCIURIDAE_RODENTIA,Urocitellus_brunneus,Urocitellus_brunneus,Urocitellus,
Urocitellus_columbianus_SCIURIDAE_RODENTIA,Urocitellus_columbianus,Urocitellus_columbianus,Urocitellus,
Urocitellus_elegans_SCIURIDAE_RODENTIA,Urocitellus_elegans,Urocitellus_elegans,Urocitellus,
Urocitellus_richardsonii_SCIURIDAE_RODENTIA,Urocitellus_richardsonii,Urocitellus_richardsonii,Urocitellus,
Urocitellus_parryii_SCIURIDAE_RODENTIA,Urocitellus_parryii,Urocitellus_parryii,Urocitellus,
Urocitellus_undulatus_SCIURIDAE_RODENTIA,Urocitellus_undulatus,Urocitellus_undulatus,Urocitellus,
Otospermophilus_atricapillus_SCIURIDAE_RODENTIA,Otospermophilus_atricapillus,Otospermophilus_beecheyi,Otospermophilus,MDD: beecheyi includes atricapillus
Otospermophilus_beecheyi_SCIURIDAE_RODENTIA,Otospermophilus_beecheyi,Otospermophilus_beecheyi,Otospermophilus,
Otospermophilus_variegatus_SCIURIDAE_RODENTIA,Otospermophilus_variegatus,Otospermophilus_variegatus,Otospermophilus,
Callospermophilus_lateralis_SCIURIDAE_RODENTIA,Callospermophilus_lateralis,Callospermophilus_lateralis,Callospermophilus,
Callospermophilus_madrensis_SCIURIDAE_RODENTIA,Callospermophilus_madrensis,Callospermophilus_madrensis,Callospermophilus,
Callospermophilus_saturatus_SCIURIDAE_RODENTIA,Callospermophilus_saturatus,Callospermophilus_saturatus,Callospermophilus,
Ammospermophilus_harrisii_SCIURIDAE_RODENTIA,Ammospermophilus_harrisii,Ammospermophilus_harrisii,Ammospermophilus,
Ammospermophilus_leucurus_SCIURIDAE_RODENTIA,Ammospermophilus_leucurus,Ammospermophilus_leucurus,Ammospermophilus,
Ammospermophilus_interpres_SCIURIDAE_RODENTIA,Ammospermophilus_interpres,Ammospermophilus_interpres,Ammospermophilus,
Notocitellus_annulatus_SCIURIDAE_RODENTIA,Notocitellus_annulatus,Notocitellus_annulatus,Notocitellus,
Notocitellus_adocetus_SCIURIDAE_RODENTIA,Notocitellus_adocetus,Notocitellus_adocetus,Notocitellus,
Sciurotamias_davidianus_SCIURIDAE_RODENTIA,Sciurotamias_davidianus,Sciurotamias_davidianus,Sciurotamias,
Spermophilopsis_leptodactylus_SCIURIDAE_RODENTIA,Spermophilopsis_leptodactylus,Spermophilopsis_leptodactyla,Spermophilopsis,gender agreement of epithet
Atlantoxerus_getulus_SCIURIDAE_RODENTIA,Atlantoxerus_getulus,Atlantoxerus_getulus,Atlantoxerus,
Xerus_rutilus_SCIURIDAE_RODENTIA,Xerus_rutilus,Xerus_rutilus,Xerus,
Xerus_inauris_SCIURIDAE_RODENTIA,Xerus_inauris,Geosciurus_inauris,Geosciurus,moved from Xerus to Geosciurus (Krystufek et al. 2016)
Xerus_princeps_SCIURIDAE_RODENTIA,Xerus_princeps,Geosciurus_princeps,Geosciurus,moved from Xerus to Geosciurus (Krystufek et al. 2016)
Xerus_erythropus_SCIURIDAE_RODENTIA,Xerus_erythropus,Euxerus_erythropus,Euxerus,moved from Xerus to Euxerus (Krystufek et al. 2016)
Dremomys_gularis_SCIURIDAE_RODENTIA,Dremomys_gularis,Dremomys_gularis,Dremomys,
Dremomys_pyrrhomerus_SCIURIDAE_RODENTIA,Dremomys_pyrrhomerus,Dremomys_pyrrhomerus,Dremomys,
Dremomys_rufigenis_SCIURIDAE_RODENTIA,Dremomys_rufigenis,Dremomys_rufigenis,Dremomys,
Dremomys_lokriah_SCIURIDAE_RODENTIA,Dremomys_lokriah,Dremomys_lokriah,Dremomys,
Dremomys_pernyi_SCIURIDAE_RODENTIA,Dremomys_pernyi,Dremomys_pernyi,Dremomys,
Tamiops_macclellandii_SCIURIDAE_RODENTIA,Tamiops_macclellandii,Tamiops_mcclellandii,Tamiops,MDD: macclellandii is an incorrect subsequent spelling
Tamiops_maritimus_SCIURIDAE_RODENTIA,Tamiops_maritimus,Tamiops_maritimus,Tamiops,
Tamiops_swinhoei_SCIURIDAE_RODENTIA,Tamiops_swinhoei,Tamiops_swinhoei,Tamiops,
Tamiops_rodolphii_SCIURIDAE_RODENTIA,Tamiops_rodolphii,Tamiops_rodolphii,Tamiops,
Callosciurus_nigrovittatus_SCIURIDAE_RODENTIA,Callosciurus_nigrovittatus,Callosciurus_nigrovittatus,Callosciurus,
Callosciurus_prevostii_SCIURIDAE_RODENTIA,Callosciurus_prevostii,Callosciurus_prevostii,Callosciurus,
Callosciurus_caniceps_SCIURIDAE_RODENTIA,Callosciurus_caniceps,Callosciurus_caniceps,Callosciurus,
Callosciurus_inornatus_SCIURIDAE_RODENTIA,Callosciurus_inornatus,Callosciurus_inornatus,Callosciurus,
Callosciurus_finlaysonii_SCIURIDAE_RODENTIA,Callosciurus_finlaysonii,Callosciurus_finlaysonii,Callosciurus,
Callosciurus_erythraeus_SCIURIDAE_RODENTIA,Callosciurus_erythraeus,Callosciurus_erythraeus,Callosciurus,
Callosciurus_notatus_SCIURIDAE_RODENTIA,Callosciurus_notatus,Callosciurus_notatus,Callosciurus,
Callosciurus_orestes_SCIURIDAE_RODENTIA,Callosciurus_orestes,Callosciurus_orestes,Callosciurus,
Sundasciurus_brookei_SCIURIDAE_RODENTIA,Sundasciurus_brookei,Sundasciurus_brookei,Sundasciurus,
Rubrisciurus_rubriventer_SCIURIDAE_RODENTIA,Rubrisciurus_rubriventer,Rubrisciurus_rubriventer,Rubrisciurus,
Prosciurillus_murinus_SCIURIDAE_RODENTIA,Prosciurillus_murinus,Prosciurillus_murinus,Prosciurillus,
Sundasciurus_tenuis_SCIURIDAE_RODENTIA,Sundasciurus_tenuis,Sundasciurus_tenuis,Sundasciurus,
Sundasciurus_jentinki_SCIURIDAE_RODENTIA,Sundasciurus_jentinki,Sundasciurus_jentinki,Sundasciurus,
Hyosciurus_heinrichi_SCIURIDAE_RODENTIA,Hyosciurus_heinrichi,Hyosciurus_heinrichi,Hyosciurus,
Sundasciurus_rabori_SCIURIDAE_RODENTIA,Sundasciurus_rabori,Sundasciurus_rabori,Sundasciurus,
Nannosciurus_melanotis_SCIURIDAE_RODENTIA,Nannosciurus_melanotis,Nannosciurus_melanotis,Nannosciurus,
Sundasciurus_steerii_SCIURIDAE_RODENTIA,Sundasciurus_steerii,Sundasciurus_steerii,Sundasciurus,
Sundasciurus_hoogstraali_SCIURIDAE_RODENTIA,Sundasciurus_hoogstraali,Sundasciurus_hoogstraali,Sundasciurus,
Sundasciurus_juvencus_SCIURIDAE_RODENTIA,Sundasciurus_juvencus,Sundasciurus_juvencus,Sundasciurus,
Sundasciurus_moellendorffi_SCIURIDAE_RODENTIA,Sundasciurus_moellendorffi,Sundasciurus_moellendorffi,Sundasciurus,
Sundasciurus_mindanensis_SCIURIDAE_RODENTIA,Sundasciurus_mindanensis,Sundasciurus_mindanensis,Sundasciurus,
Sundasciurus_philippinensis_SCIURIDAE_RODENTIA,Sundasciurus_philippinensis,Sundasciurus_philippinensis,Sundasciurus,
Sundasciurus_samarensis_SCIURIDAE_RODENTIA,Sundasciurus_samarensis,Sundasciurus_samarensis,Sundasciurus,
Sundasciurus_hippurus_SCIURIDAE_RODENTIA,Sundasciurus_hippurus,Sundasciurus_hippurus,Sundasciurus,
Menetes_berdmorei_SCIURIDAE_RODENTIA,Menetes_berdmorei,Menetes_berdmorei,Menetes,
Sundasciurus_fraterculus_SCIURIDAE_RODENTIA,Sundasciurus_fraterculus,Sundasciurus_fraterculus,Sundasciurus,
Sundasciurus_lowii_SCIURIDAE_RODENTIA,Sundasciurus_lowii,Sundasciurus_lowii,Sundasciurus,
Rhinosciurus_laticaudatus_SCIURIDAE_RODENTIA,Rhinosciurus_laticaudatus,Rhinosciurus_laticaudatus,Rhinosciurus,
Lariscus_insignis_SCIURIDAE_RODENTIA,Lariscus_insignis,Lariscus_insignis,Lariscus,
Exilisciurus_exilis_SCIURIDAE_RODENTIA,Exilisciurus_exilis,Exilisciurus_exilis,Exilisciurus,
Exilisciurus_concinnus_SCIURIDAE_RODENTIA,Exilisciurus_concinnus,Exilisciurus_concinnus,Exilisciurus,
Funambulus_palmarum_SCIURIDAE_RODENTIA,Funambulus_palmarum,Funambulus_palmarum,Funambulus,
Funambulus_pennantii_SCIURIDAE_RODENTIA,Funambulus_pennantii,Funambulus_pennantii,Funambulus,
Sciurus_anomalus_SCIURIDAE_RODENTIA,Sciurus_anomalus,Sciurus_anomalus,Sciurus,
Sciurus_griseus_SCIURIDAE_RODENTIA,Sciurus_griseus,Sciurus_griseus,Sciurus,
Sciurus_aberti_SCIURIDAE_RODENTIA,Sciurus_aberti,Sciurus_aberti,Sciurus,
Sciurus_carolinensis_SCIURIDAE_RODENTIA,Sciurus_carolinensis,Sciurus_carolinensis,Sciurus,
Sciurus_niger_SCIURIDAE_RODENTIA,Sciurus_niger,Sciurus_niger,Sciurus,
Sciurus_deppei_SCIURIDAE_RODENTIA,Sciurus_deppei,Sciurus_deppei,Sciurus,
Sciurus_granatensis_SCIURIDAE_RODENTIA,Sciurus_granatensis,Sciurus_granatensis,Sciurus,
Microsciurus_alfari_SCIURIDAE_RODENTIA,Microsciurus_alfari,Microsciurus_alfari,Microsciurus,
Sciurus_variegatoides_SCIURIDAE_RODENTIA,Sciurus_variegatoides,Sciurus_variegatoides,Sciurus,
Sciurus_oculatus_SCIURIDAE_RODENTIA,Sciurus_oculatus,Sciurus_oculatus,Sciurus,
Sciurus_aureogaster_SCIURIDAE_RODENTIA,Sciurus_aureogaster,Sciurus_aureogaster,Sciurus,
Sciurus_gilvigularis_SCIURIDAE_RODENTIA,Sciurus_gilvigularis,Sciurus_aestuans,Sciurus,MDD: S. aestuans includes gilvigularis
Sciurus_aestuans_SCIURIDAE_RODENTIA,Sciurus_aestuans,Sciurus_aestuans,Sciurus,
Sciurus_spadiceus_SCIURIDAE_RODENTIA,Sciurus_spadiceus,Sciurus_spadiceus,Sciurus,
Sciurus_igniventris_SCIURIDAE_RODENTIA,Sciurus_igniventris,Sciurus_igniventris,Sciurus,
Sciurus_ignitus_SCIURIDAE_RODENTIA,Sciurus_ignitus,Sciurus_ignitus,Sciurus,
Microsciurus_flaviventer_SCIURIDAE_RODENTIA,Microsciurus_flaviventer,Microsciurus_flaviventer,Microsciurus,
Sciurus_stramineus_SCIURIDAE_RODENTIA,Sciurus_stramineus,Sciurus_stramineus,Sciurus,
Sciurus_vulgaris_SCIURIDAE_RODENTIA,Sciurus_vulgaris,Sciurus_vulgaris,Sciurus,
Sciurus_lis_SCIURIDAE_RODENTIA,Sciurus_lis,Sciurus_lis,Sciurus,
Rheithrosciurus_macrotis_SCIURIDAE_RODENTIA,Rheithrosciurus_macrotis,Rheithrosciurus_macrotis,Rheithrosciurus,
Tamiasciurus_mearnsi_SCIURIDAE_RODENTIA,Tamiasciurus_mearnsi,Tamiasciurus_douglasii,Tamiasciurus,MDD: douglasii includes mearnsi
Tamiasciurus_hudsonicus_SCIURIDAE_RODENTIA,Tamiasciurus_hudsonicus,Tamiasciurus_hudsonicus,Tamiasciurus,
Tamiasciurus_douglasii_SCIURIDAE_RODENTIA,Tamiasciurus_douglasii,Tamiasciurus_douglasii,Tamiasciurus,
Petaurista_leucogenys_SCIURIDAE_RODENTIA,Petaurista_leucogenys,Petaurista_leucogenys,Petaurista,
Petaurista_lena_SCIURIDAE_RODENTIA,Petaurista_lena,Petaurista_lena,Petaurista,
Petaurista_petaurista_SCIURIDAE_RODENTIA,Petaurista_petaurista,Petaurista_petaurista,Petaurista,
Petaurista_grandis_SCIURIDAE_RODENTIA,Petaurista_grandis,Petaurista_grandis,Petaurista,
Petaurista_caniceps_SCIURIDAE_RODENTIA,Petaurista_caniceps,Petaurista_caniceps,Petaurista,
Petaurista_albiventer_SCIURIDAE_RODENTIA,Petaurista_albiventer,Petaurista_albiventer,Petaurista,
Petaurista_yunanensis_SCIURIDAE_RODENTIA,Petaurista_yunanensis,Petaurista_nobilis,Petaurista,MDD: nobilis includes yunanensis
Petaurista_philippensis_SCIURIDAE_RODENTIA,Petaurista_philippensis,Petaurista_philippensis,Petaurista,
Petaurista_hainana_SCIURIDAE_RODENTIA,Petaurista_hainana,Petaurista_hainanus,Petaurista,gender agreement of epithet
Petaurista_alborufus_SCIURIDAE_RODENTIA,Petaurista_alborufus,Petaurista_alborufus,Petaurista,
Petaurista_elegans_SCIURIDAE_RODENTIA,Petaurista_elegans,Petaurista_elegans,Petaurista,
Petaurista_marica_SCIURIDAE_RODENTIA,Petaurista_marica,Petaurista_marica,Petaurista,
Petaurista_xanthotis_SCIURIDAE_RODENTIA,Petaurista_xanthotis,Petaurista_xanthotis,Petaurista,
Aeromys_tephromelas_SCIURIDAE_RODENTIA,Aeromys_tephromelas,Aeromys_tephromelas,Aeromys,
Eupetaurus_cinereus_SCIURIDAE_RODENTIA,Eupetaurus_cinereus,Eupetaurus_cinereus,Eupetaurus,
Aeretes_melanopterus_SCIURIDAE_RODENTIA,Aeretes_melanopterus,Aeretes_melanopterus,Aeretes,
Trogopterus_xanthipes_SCIURIDAE_RODENTIA,Trogopterus_xanthipes,Trogopterus_xanthipes,Trogopterus,
Belomys_pearsonii_SCIURIDAE_RODENTIA,Belomys_pearsonii,Belomys_pearsonii,Belomys,
Pteromyscus_pulverulentus_SCIURIDAE_RODENTIA,Pteromyscus_pulverulentus,Pteromyscus_pulverulentus,Pteromyscus,
Pteromys_volans_SCIURIDAE_RODENTIA,Pteromys_volans,Pteromys_volans,Pteromys,
Pteromys_momonga_SCIURIDAE_RODENTIA,Pteromys_momonga,Pteromys_momonga,Pteromys,
Eoglaucomys_fimbriatus_SCIURIDAE_RODENTIA,Eoglaucomys_fimbriatus,Eoglaucomys_fimbriatus,Eoglaucomys,
Hylopetes_nigripes_SCIURIDAE_RODENTIA,Hylopetes_nigripes,Hylopetes_nigripes,Hylopetes,
Hylopetes_lepidus_SCIURIDAE_RODENTIA,Hylopetes_lepidus,Hylopetes_sagitta,Hylopetes,MDD: H. sagitta includes lepidus
Iomys_horsfieldii_SCIURIDAE_RODENTIA,Iomys_horsfieldii,Iomys_horsfieldii,Iomys,
Hylopetes_spadiceus_SCIURIDAE_RODENTIA,Hylopetes_spadiceus,Hylopetes_spadiceus,Hylopetes,
Petaurillus_kinlochii_SCIURIDAE_RODENTIA,Petaurillus_kinlochii,Petaurillus_kinlochii,Petaurillus,
Hylopetes_alboniger_SCIURIDAE_RODENTIA,Hylopetes_alboniger,Hylopetes_alboniger,Hylopetes,
Petinomys_setosus_SCIURIDAE_RODENTIA,Petinomys_setosus,Petinomys_setosus,Petinomys,
Hylopetes_phayrei_SCIURIDAE_RODENTIA,Hylopetes_phayrei,Hylopetes_phayrei,Hylopetes,
Glaucomys_volans_SCIURIDAE_RODENTIA,Glaucomys_volans,Glaucomys_volans,Glaucomys,
Glaucomys_sabrinus_SCIURIDAE_RODENTIA,Glaucomys_sabrinus,Glaucomys_sabrinus,Glaucomys,
